-- phpMyAdmin SQL Dump
-- version 3.4.11.1deb1
-- http://www.phpmyadmin.net
--
-- Servidor: localhost
-- Tiempo de generación: 03-04-2013 a las 21:26:27
-- Versión del servidor: 5.5.29
-- Versión de PHP: 5.4.6-1ubuntu1.2

SET SQL_MODE="NO_AUTO_VALUE_ON_ZERO";
SET time_zone = "+00:00";


/*!40101 SET @OLD_CHARACTER_SET_CLIENT=@@CHARACTER_SET_CLIENT */;
/*!40101 SET @OLD_CHARACTER_SET_RESULTS=@@CHARACTER_SET_RESULTS */;
/*!40101 SET @OLD_COLLATION_CONNECTION=@@COLLATION_CONNECTION */;
/*!40101 SET NAMES utf8 */;

--
-- Base de datos: `mensajeria`
--

DELIMITER $$
--
-- Procedimientos
--
CREATE  PROCEDURE `addGuia`(IN duenoOrden INT(11),IN creador INT(11), IN ordenServi INT(11),
IN remitente INT(11), IN remiInfo VARCHAR(50),IN remiCiu INT(11), IN referencia VARCHAR(30),
IN destinatario INT(11), IN destiNom VARCHAR(45),  IN destiApel VARCHAR(45),IN destiTel VARCHAR(45),
IN destiCiu INT(11), IN destiDirec VARCHAR(70), IN destiInfo VARCHAR(50),  
IN numero VARCHAR(45), IN nomProduc varchar(30), in idTipoProduc int(11),IN vrDeclarado INT(11),  
IN peso DECIMAL(10,2),  IN contenido VARCHAR(32), 
 IN largo DECIMAL(10,2), IN ancho DECIMAL(10,2), IN alto DECIMAL(10,2), in estadoDevolucion int(11)
)
BEGIN
DECLARE idOr INT DEFAULT -1;
DECLARE prima INT DEFAULT 0;
DECLARE flete INT DEFAULT 0;
declare idProducto int default 0;
DECLARE EXIT HANDLER FOR SQLEXCEPTION ROLLBACK;
-- DECLARE EXIT HANDLER FOR SQLWARNING ROLLBACK;
START TRANSACTION;
-- busco el idproducto para insertar en la tabla guia :D
select p.idproducto into  idProducto from producto p where lower(p.nombre_producto) = lower(nomProduc) And p.tipo_producto_idtipo_producto=idTipoProduc ;
-- recuerda que falta calcular el valor a pagar de la orden de servicio.
-- la idea es ir acumulando valores de guias en cada orden , para que al momento de facturar sea rapido :O
IF ordenServi IS NULL THEN
	SELECT idorden_servicio INTO idOr FROM orden_servicio WHERE tercero_idcliente = duenoOrden AND  fechaentrada is null  AND estado = 1 AND factura_idfactura IS NULL LIMIT 1;
	IF (idOr = -1) THEN
		INSERT INTO orden_servicio(tercero_idcliente,unidades,osTotal) 
		VALUES(duenoOrden,0,0);
		SET idOr= LAST_INSERT_ID();
	END IF;
	SET ordenServi  = idOr;
END IF;
	INSERT INTO guia (
	alto,ancho, largo,ciudad_iddestino,ciudad_idorigen,contenido,destinatarioInfo,
	direccion_destinatario_guia,flete,nombre_destinatario_guia,numero_guia,
	orden_servicio_idorden_servicio,OWNER,peso_guia,prima,producto_idproducto,referencia,remitenteInfo,
	telefono_destinatario_guia,tercero_iddestinatario,tercero_idremitente,valor_declarado_guia, causal_devolucion_idcausal_devolucion
	)
	VALUES(alto,ancho , largo ,  destiCiu ,remiCiu ,contenido , destiInfo ,destiDirec ,flete , CONCAT(destiNom, '  ', destiApel) , 
	numero , ordenServi , creador,peso ,  prima  ,  idProducto ,  referencia ,remiInfo , destiTel ,
	destinatario ,  remitente ,   vrDeclarado , estadoDevolucion )
	
	ON DUPLICATE KEY UPDATE 
	guia.alto=alto, 	ancho = ancho,  largo = largo,  
	ciudad_iddestino=destiCiu ,
	ciudad_idorigen=remiCiu ,contenido= contenido ,destinatarioInfo= destiInfo,
	direccion_destinatario_guia=destiDirec ,flete= flete,nombre_destinatario_guia=  CONCAT(destiNom, '  ', destiApel)  ,
	numero_guia= numero ,
	orden_servicio_idorden_servicio= ordenServi  ,OWNER= creador ,peso_guia= peso ,prima= prima ,producto_idproducto= idProducto,
	referencia= referencia,
	remitenteInfo= remiInfo ,telefono_destinatario_guia= destiTel ,tercero_iddestinatario= destinatario,tercero_idremitente= remitente,
	valor_declarado_guia= vrDeclarado, causal_devolucion_idcausal_devolucion= estadoDevolucion;
	 
IF destinatario IS NOT NULL THEN	 
	 UPDATE destinatario 
		SET nombres_destinatario= destiNom, 
		apellidos_destinatario = destiApel,
		telefono_destinatario= destiTel,
		direccion_destinatario= destiDirec
	WHERE iddestinatario=destinatario ;
end if;
-- SELECT * FROM destinatario WHERE  iddestinatario=destinatario ;
-- select * from guia g inner join orden_servicio o     on g.orden_servicio_idorden_servicio = o.idorden_servicio where o.idorden_servicio = ordenServi ;
     
     
     
	 COMMIT;
	
END$$

DELIMITER ;

-- --------------------------------------------------------

--
-- Estructura de tabla para la tabla `asignacion_guias`
--

CREATE TABLE IF NOT EXISTS `asignacion_guias` (
  `idasignacion_guias` int(11) NOT NULL AUTO_INCREMENT,
  `sucursal_idsucursal` int(11) DEFAULT NULL,
  `tercero_idtercero` int(11) DEFAULT NULL,
  `fecha_asignacion` varchar(10) NOT NULL,
  `hora_asignacion` varchar(7) NOT NULL,
  `inicial_asignacion` mediumint(9) DEFAULT NULL,
  `cantidad_asignacion` mediumint(9) DEFAULT NULL,
  `saldo_asignnacion` varchar(45) DEFAULT NULL,
  `estado_asignacion` varchar(45) DEFAULT NULL,
  `observaciones_asignacion` varchar(45) DEFAULT NULL,
  PRIMARY KEY (`idasignacion_guias`),
  KEY `fk_asignacion_guias_sucursal1` (`sucursal_idsucursal`),
  KEY `fk_asignacion_guias_tercero1` (`tercero_idtercero`)
) ENGINE=InnoDB DEFAULT CHARSET=latin1 AUTO_INCREMENT=1 ;

-- --------------------------------------------------------

--
-- Estructura de tabla para la tabla `causales`
--

CREATE TABLE IF NOT EXISTS `causales` (
  `idcausales` int(11) NOT NULL AUTO_INCREMENT,
  `nombrecausales` varchar(40) CHARACTER SET utf8 NOT NULL,
  `descripcioncausales` varchar(70) CHARACTER SET utf8 NOT NULL DEFAULT 'Ninguna',
  PRIMARY KEY (`idcausales`)
) ENGINE=InnoDB  DEFAULT CHARSET=latin1 AUTO_INCREMENT=3 ;

--
-- Volcado de datos para la tabla `causales`
--

INSERT INTO `causales` (`idcausales`, `nombrecausales`, `descripcioncausales`) VALUES
(1, 'Direccion errada', 'Ninguna'),
(2, 'Remitente No Encontrado', 'Ninguna');

-- --------------------------------------------------------

--
-- Estructura de tabla para la tabla `ciudad`
--

CREATE TABLE IF NOT EXISTS `ciudad` (
  `idciudad` int(11) NOT NULL AUTO_INCREMENT,
  `nombre_ciudad` varchar(45) NOT NULL,
  `cubrimiento_ciudad` varchar(45) DEFAULT NULL,
  `departamento_iddepartamento` int(11) NOT NULL,
  `pais_ciudad` int(11) NOT NULL,
  `codigo_ciudad` int(11) NOT NULL,
  `trayecto_especial_ciudad` tinyint(1) DEFAULT NULL,
  `ciudad_padre` int(11) DEFAULT NULL,
  PRIMARY KEY (`idciudad`),
  KEY `fk_ciudad_departamento1` (`departamento_iddepartamento`)
) ENGINE=InnoDB  DEFAULT CHARSET=latin1 AUTO_INCREMENT=1119 ;

--
-- Volcado de datos para la tabla `ciudad`
--

INSERT INTO `ciudad` (`idciudad`, `nombre_ciudad`, `cubrimiento_ciudad`, `departamento_iddepartamento`, `pais_ciudad`, `codigo_ciudad`, `trayecto_especial_ciudad`, `ciudad_padre`) VALUES
(1, 'MEDELLIN ', NULL, 5, 57, 1, NULL, NULL),
(2, 'ABEJORRAL ', NULL, 5, 57, 2, NULL, NULL),
(3, 'ABRIAQUI ', NULL, 5, 57, 4, NULL, NULL),
(4, 'ALEJANDRIA ', NULL, 5, 57, 21, NULL, NULL),
(5, 'AMAGA ', NULL, 5, 57, 30, NULL, NULL),
(6, 'AMALFI ', NULL, 5, 57, 31, NULL, NULL),
(7, 'ANDES ', NULL, 5, 57, 34, NULL, NULL),
(8, 'ANGELOPOLIS ', NULL, 5, 57, 36, NULL, NULL),
(9, 'ANGOSTURA ', NULL, 5, 57, 38, NULL, NULL),
(10, 'ANORI ', NULL, 5, 57, 40, NULL, NULL),
(11, 'SANTAFE DE ANTIOQUIA ', NULL, 5, 57, 42, NULL, NULL),
(12, 'ANZA ', NULL, 5, 57, 44, NULL, NULL),
(13, 'APARTADO ', NULL, 5, 57, 45, NULL, NULL),
(14, 'ARBOLETES ', NULL, 5, 57, 51, NULL, NULL),
(15, 'ARGELIA ', NULL, 5, 57, 55, NULL, NULL),
(16, 'ARMENIA ', NULL, 5, 57, 59, NULL, NULL),
(17, 'BARBOSA ', NULL, 5, 57, 79, NULL, NULL),
(18, 'BELMIRA ', NULL, 5, 57, 86, NULL, NULL),
(19, 'BELLO ', NULL, 5, 57, 88, NULL, NULL),
(20, 'BETANIA ', NULL, 5, 57, 91, NULL, NULL),
(21, 'BETULIA ', NULL, 5, 57, 93, NULL, NULL),
(22, 'CIUDAD BOLIVAR ', NULL, 5, 57, 101, NULL, NULL),
(23, 'BRICEÑO ', NULL, 5, 57, 107, NULL, NULL),
(24, 'BURITICA ', NULL, 5, 57, 113, NULL, NULL),
(25, 'CACERES ', NULL, 5, 57, 120, NULL, NULL),
(26, 'CAICEDO ', NULL, 5, 57, 125, NULL, NULL),
(27, 'CALDAS ', NULL, 5, 57, 129, NULL, NULL),
(28, 'CAMPAMENTO ', NULL, 5, 57, 134, NULL, NULL),
(29, 'CAÑASGORDAS ', NULL, 5, 57, 138, NULL, NULL),
(30, 'CARACOLI ', NULL, 5, 57, 142, NULL, NULL),
(31, 'CARAMANTA ', NULL, 5, 57, 145, NULL, NULL),
(32, 'CAREPA ', NULL, 5, 57, 147, NULL, NULL),
(33, 'EL CARMEN DE VIBORAL ', NULL, 5, 57, 148, NULL, NULL),
(34, 'CAROLINA ', NULL, 5, 57, 150, NULL, NULL),
(35, 'CAUCASIA ', NULL, 5, 57, 154, NULL, NULL),
(36, 'CHIGORODO ', NULL, 5, 57, 172, NULL, NULL),
(37, 'CISNEROS ', NULL, 5, 57, 190, NULL, NULL),
(38, 'COCORNA ', NULL, 5, 57, 197, NULL, NULL),
(39, 'CONCEPCION ', NULL, 5, 57, 206, NULL, NULL),
(40, 'CONCORDIA ', NULL, 5, 57, 209, NULL, NULL),
(41, 'COPACABANA ', NULL, 5, 57, 212, NULL, NULL),
(42, 'DABEIBA ', NULL, 5, 57, 234, NULL, NULL),
(43, 'DON MATIAS ', NULL, 5, 57, 237, NULL, NULL),
(44, 'EBEJICO ', NULL, 5, 57, 240, NULL, NULL),
(45, 'EL BAGRE ', NULL, 5, 57, 250, NULL, NULL),
(46, 'ENTRERRIOS ', NULL, 5, 57, 264, NULL, NULL),
(47, 'ENVIGADO ', NULL, 5, 57, 266, NULL, NULL),
(48, 'FREDONIA ', NULL, 5, 57, 282, NULL, NULL),
(49, 'FRONTINO ', NULL, 5, 57, 284, NULL, NULL),
(50, 'GIRALDO ', NULL, 5, 57, 306, NULL, NULL),
(51, 'GIRARDOTA ', NULL, 5, 57, 308, NULL, NULL),
(52, 'GOMEZ PLATA ', NULL, 5, 57, 310, NULL, NULL),
(53, 'GRANADA ', NULL, 5, 57, 313, NULL, NULL),
(54, 'GUADALUPE ', NULL, 5, 57, 315, NULL, NULL),
(55, 'GUARNE ', NULL, 5, 57, 318, NULL, NULL),
(56, 'GUATAPE ', NULL, 5, 57, 321, NULL, NULL),
(57, 'HELICONIA ', NULL, 5, 57, 347, NULL, NULL),
(58, 'HISPANIA ', NULL, 5, 57, 353, NULL, NULL),
(59, 'ITAGüI ', NULL, 5, 57, 360, NULL, NULL),
(60, 'ITUANGO ', NULL, 5, 57, 361, NULL, NULL),
(61, 'JARDIN ', NULL, 5, 57, 364, NULL, NULL),
(62, 'JERICO ', NULL, 5, 57, 368, NULL, NULL),
(63, 'LA CEJA ', NULL, 5, 57, 376, NULL, NULL),
(64, 'LA ESTRELLA ', NULL, 5, 57, 380, NULL, NULL),
(65, 'LA PINTADA ', NULL, 5, 57, 390, NULL, NULL),
(66, 'LA UNION ', NULL, 5, 57, 400, NULL, NULL),
(67, 'LIBORINA ', NULL, 5, 57, 411, NULL, NULL),
(68, 'MACEO ', NULL, 5, 57, 425, NULL, NULL),
(69, 'MARINILLA ', NULL, 5, 57, 440, NULL, NULL),
(70, 'MONTEBELLO ', NULL, 5, 57, 467, NULL, NULL),
(71, 'MURINDO ', NULL, 5, 57, 475, NULL, NULL),
(72, 'MUTATA ', NULL, 5, 57, 480, NULL, NULL),
(73, 'NARIÑO ', NULL, 5, 57, 483, NULL, NULL),
(74, 'NECOCLI ', NULL, 5, 57, 490, NULL, NULL),
(75, 'NECHI ', NULL, 5, 57, 495, NULL, NULL),
(76, 'OLAYA ', NULL, 5, 57, 501, NULL, NULL),
(77, 'PEÑOL ', NULL, 5, 57, 541, NULL, NULL),
(78, 'PEQUE ', NULL, 5, 57, 543, NULL, NULL),
(79, 'PUEBLORRICO ', NULL, 5, 57, 576, NULL, NULL),
(80, 'PUERTO BERRIO ', NULL, 5, 57, 579, NULL, NULL),
(81, 'PUERTO NARE ', NULL, 5, 57, 585, NULL, NULL),
(82, 'PUERTO TRIUNFO ', NULL, 5, 57, 591, NULL, NULL),
(83, 'REMEDIOS ', NULL, 5, 57, 604, NULL, NULL),
(84, 'RETIRO ', NULL, 5, 57, 607, NULL, NULL),
(85, 'RIONEGRO ', NULL, 5, 57, 615, NULL, NULL),
(86, 'SABANALARGA ', NULL, 5, 57, 628, NULL, NULL),
(87, 'SABANETA ', NULL, 5, 57, 631, NULL, NULL),
(88, 'SALGAR ', NULL, 5, 57, 642, NULL, NULL),
(89, 'SAN ANDRES ', NULL, 5, 57, 647, NULL, NULL),
(90, 'SAN CARLOS ', NULL, 5, 57, 649, NULL, NULL),
(91, 'SAN FRANCISCO ', NULL, 5, 57, 652, NULL, NULL),
(92, 'SAN JERONIMO ', NULL, 5, 57, 656, NULL, NULL),
(93, 'SAN JOSE DE LA MONTAÑA ', NULL, 5, 57, 658, NULL, NULL),
(94, 'SAN JUAN DE URABA ', NULL, 5, 57, 659, NULL, NULL),
(95, 'SAN LUIS ', NULL, 5, 57, 660, NULL, NULL),
(96, 'SAN PEDRO ', NULL, 5, 57, 664, NULL, NULL),
(97, 'SAN PEDRO DE URABA ', NULL, 5, 57, 665, NULL, NULL),
(98, 'SAN RAFAEL ', NULL, 5, 57, 667, NULL, NULL),
(99, 'SAN ROQUE ', NULL, 5, 57, 670, NULL, NULL),
(100, 'SAN VICENTE ', NULL, 5, 57, 674, NULL, NULL),
(101, 'SANTA BARBARA ', NULL, 5, 57, 679, NULL, NULL),
(102, 'SANTA ROSA DE OSOS ', NULL, 5, 57, 686, NULL, NULL),
(103, 'SANTO DOMINGO ', NULL, 5, 57, 690, NULL, NULL),
(104, 'EL SANTUARIO ', NULL, 5, 57, 697, NULL, NULL),
(105, 'SEGOVIA ', NULL, 5, 57, 736, NULL, NULL),
(106, 'SONSON ', NULL, 5, 57, 756, NULL, NULL),
(107, 'SOPETRAN ', NULL, 5, 57, 761, NULL, NULL),
(108, 'TAMESIS ', NULL, 5, 57, 789, NULL, NULL),
(109, 'TARAZA ', NULL, 5, 57, 790, NULL, NULL),
(110, 'TARSO ', NULL, 5, 57, 792, NULL, NULL),
(111, 'TITIRIBI ', NULL, 5, 57, 809, NULL, NULL),
(112, 'TOLEDO ', NULL, 5, 57, 819, NULL, NULL),
(113, 'TURBO ', NULL, 5, 57, 837, NULL, NULL),
(114, 'URAMITA ', NULL, 5, 57, 842, NULL, NULL),
(115, 'URRAO ', NULL, 5, 57, 847, NULL, NULL),
(116, 'VALDIVIA ', NULL, 5, 57, 854, NULL, NULL),
(117, 'VALPARAISO ', NULL, 5, 57, 856, NULL, NULL),
(118, 'VEGACHI ', NULL, 5, 57, 858, NULL, NULL),
(119, 'VENECIA ', NULL, 5, 57, 861, NULL, NULL),
(120, 'VIGIA DEL FUERTE ', NULL, 5, 57, 873, NULL, NULL),
(121, 'YALI ', NULL, 5, 57, 885, NULL, NULL),
(122, 'YARUMAL ', NULL, 5, 57, 887, NULL, NULL),
(123, 'YOLOMBO ', NULL, 5, 57, 890, NULL, NULL),
(124, 'YONDO ', NULL, 5, 57, 893, NULL, NULL),
(125, 'ZARAGOZA ', NULL, 5, 57, 895, NULL, NULL),
(126, 'BARRANQUILLA ', NULL, 8, 57, 1, NULL, NULL),
(127, 'BARANOA ', NULL, 8, 57, 78, NULL, NULL),
(128, 'CAMPO DE LA CRUZ ', NULL, 8, 57, 137, NULL, NULL),
(129, 'CANDELARIA ', NULL, 8, 57, 141, NULL, NULL),
(130, 'GALAPA ', NULL, 8, 57, 296, NULL, NULL),
(131, 'JUAN DE ACOSTA ', NULL, 8, 57, 372, NULL, NULL),
(132, 'LURUACO ', NULL, 8, 57, 421, NULL, NULL),
(133, 'MALAMBO ', NULL, 8, 57, 433, NULL, NULL),
(134, 'MANATI ', NULL, 8, 57, 436, NULL, NULL),
(135, 'PALMAR DE VARELA ', NULL, 8, 57, 520, NULL, NULL),
(136, 'PIOJO ', NULL, 8, 57, 549, NULL, NULL),
(137, 'POLONUEVO ', NULL, 8, 57, 558, NULL, NULL),
(138, 'PONEDERA ', NULL, 8, 57, 560, NULL, NULL),
(139, 'PUERTO COLOMBIA ', NULL, 8, 57, 573, NULL, NULL),
(140, 'REPELON ', NULL, 8, 57, 606, NULL, NULL),
(141, 'SABANAGRANDE ', NULL, 8, 57, 634, NULL, NULL),
(142, 'SABANALARGA ', NULL, 8, 57, 638, NULL, NULL),
(143, 'SANTA LUCIA ', NULL, 8, 57, 675, NULL, NULL),
(144, 'SANTO TOMAS ', NULL, 8, 57, 685, NULL, NULL),
(145, 'SOLEDAD ', NULL, 8, 57, 758, NULL, NULL),
(146, 'SUAN ', NULL, 8, 57, 770, NULL, NULL),
(147, 'TUBARA ', NULL, 8, 57, 832, NULL, NULL),
(148, 'USIACURI ', NULL, 8, 57, 849, NULL, NULL),
(149, 'BOGOTA', NULL, 11, 57, 1, NULL, NULL),
(150, 'CARTAGENA ', NULL, 13, 57, 1, NULL, NULL),
(151, 'ACHI ', NULL, 13, 57, 6, NULL, NULL),
(152, 'ALTOS DEL ROSARIO ', NULL, 13, 57, 30, NULL, NULL),
(153, 'ARENAL ', NULL, 13, 57, 42, NULL, NULL),
(154, 'ARJONA ', NULL, 13, 57, 52, NULL, NULL),
(155, 'ARROYOHONDO ', NULL, 13, 57, 62, NULL, NULL),
(156, 'BARRANCO DE LOBA ', NULL, 13, 57, 74, NULL, NULL),
(157, 'CALAMAR ', NULL, 13, 57, 140, NULL, NULL),
(158, 'CANTAGALLO ', NULL, 13, 57, 160, NULL, NULL),
(159, 'CICUCO ', NULL, 13, 57, 188, NULL, NULL),
(160, 'CORDOBA ', NULL, 13, 57, 212, NULL, NULL),
(161, 'CLEMENCIA ', NULL, 13, 57, 222, NULL, NULL),
(162, 'EL CARMEN DE BOLIVAR ', NULL, 13, 57, 244, NULL, NULL),
(163, 'EL GUAMO ', NULL, 13, 57, 248, NULL, NULL),
(164, 'EL PEÑON ', NULL, 13, 57, 268, NULL, NULL),
(165, 'HATILLO DE LOBA ', NULL, 13, 57, 300, NULL, NULL),
(166, 'MAGANGUE ', NULL, 13, 57, 430, NULL, NULL),
(167, 'MAHATES ', NULL, 13, 57, 433, NULL, NULL),
(168, 'MARGARITA ', NULL, 13, 57, 440, NULL, NULL),
(169, 'MARIA LA BAJA ', NULL, 13, 57, 442, NULL, NULL),
(170, 'MONTECRISTO ', NULL, 13, 57, 458, NULL, NULL),
(171, 'MOMPOS ', NULL, 13, 57, 468, NULL, NULL),
(172, 'MORALES ', NULL, 13, 57, 473, NULL, NULL),
(173, 'PINILLOS ', NULL, 13, 57, 549, NULL, NULL),
(174, 'REGIDOR ', NULL, 13, 57, 580, NULL, NULL),
(175, 'RIO VIEJO ', NULL, 13, 57, 600, NULL, NULL),
(176, 'SAN CRISTOBAL ', NULL, 13, 57, 620, NULL, NULL),
(177, 'SAN ESTANISLAO ', NULL, 13, 57, 647, NULL, NULL),
(178, 'SAN FERNANDO ', NULL, 13, 57, 650, NULL, NULL),
(179, 'SAN JACINTO ', NULL, 13, 57, 654, NULL, NULL),
(180, 'SAN JACINTO DEL CAUCA ', NULL, 13, 57, 655, NULL, NULL),
(181, 'SAN JUAN NEPOMUCENO ', NULL, 13, 57, 657, NULL, NULL),
(182, 'SAN MARTIN DE LOBA ', NULL, 13, 57, 667, NULL, NULL),
(183, 'SAN PABLO ', NULL, 13, 57, 670, NULL, NULL),
(184, 'SANTA CATALINA ', NULL, 13, 57, 673, NULL, NULL),
(185, 'SANTA ROSA ', NULL, 13, 57, 683, NULL, NULL),
(186, 'SANTA ROSA DEL SUR ', NULL, 13, 57, 688, NULL, NULL),
(187, 'SIMITI ', NULL, 13, 57, 744, NULL, NULL),
(188, 'SOPLAVIENTO ', NULL, 13, 57, 760, NULL, NULL),
(189, 'TALAIGUA NUEVO ', NULL, 13, 57, 780, NULL, NULL),
(190, 'TIQUISIO ', NULL, 13, 57, 810, NULL, NULL),
(191, 'TURBACO ', NULL, 13, 57, 836, NULL, NULL),
(192, 'TURBANA ', NULL, 13, 57, 838, NULL, NULL),
(193, 'VILLANUEVA ', NULL, 13, 57, 873, NULL, NULL),
(194, 'ZAMBRANO ', NULL, 13, 57, 894, NULL, NULL),
(195, 'TUNJA ', NULL, 15, 57, 1, NULL, NULL),
(196, 'ALMEIDA ', NULL, 15, 57, 22, NULL, NULL),
(197, 'AQUITANIA ', NULL, 15, 57, 47, NULL, NULL),
(198, 'ARCABUCO ', NULL, 15, 57, 51, NULL, NULL),
(199, 'BELEN ', NULL, 15, 57, 87, NULL, NULL),
(200, 'BERBEO ', NULL, 15, 57, 90, NULL, NULL),
(201, 'BETEITIVA ', NULL, 15, 57, 92, NULL, NULL),
(202, 'BOAVITA ', NULL, 15, 57, 97, NULL, NULL),
(203, 'BOYACA ', NULL, 15, 57, 104, NULL, NULL),
(204, 'BRICEÑO ', NULL, 15, 57, 106, NULL, NULL),
(205, 'BUENAVISTA ', NULL, 15, 57, 109, NULL, NULL),
(206, 'BUSBANZA ', NULL, 15, 57, 114, NULL, NULL),
(207, 'CALDAS ', NULL, 15, 57, 131, NULL, NULL),
(208, 'CAMPOHERMOSO ', NULL, 15, 57, 135, NULL, NULL),
(209, 'CERINZA ', NULL, 15, 57, 162, NULL, NULL),
(210, 'CHINAVITA ', NULL, 15, 57, 172, NULL, NULL),
(211, 'CHIQUINQUIRA ', NULL, 15, 57, 176, NULL, NULL),
(212, 'CHISCAS ', NULL, 15, 57, 180, NULL, NULL),
(213, 'CHITA ', NULL, 15, 57, 183, NULL, NULL),
(214, 'CHITARAQUE ', NULL, 15, 57, 185, NULL, NULL),
(215, 'CHIVATA ', NULL, 15, 57, 187, NULL, NULL),
(216, 'CIENEGA ', NULL, 15, 57, 189, NULL, NULL),
(217, 'COMBITA ', NULL, 15, 57, 204, NULL, NULL),
(218, 'COPER ', NULL, 15, 57, 212, NULL, NULL),
(219, 'CORRALES ', NULL, 15, 57, 215, NULL, NULL),
(220, 'COVARACHIA ', NULL, 15, 57, 218, NULL, NULL),
(221, 'CUBARA ', NULL, 15, 57, 223, NULL, NULL),
(222, 'CUCAITA ', NULL, 15, 57, 224, NULL, NULL),
(223, 'CUITIVA ', NULL, 15, 57, 226, NULL, NULL),
(224, 'CHIQUIZA ', NULL, 15, 57, 232, NULL, NULL),
(225, 'CHIVOR ', NULL, 15, 57, 236, NULL, NULL),
(226, 'DUITAMA ', NULL, 15, 57, 238, NULL, NULL),
(227, 'EL COCUY ', NULL, 15, 57, 244, NULL, NULL),
(228, 'EL ESPINO ', NULL, 15, 57, 248, NULL, NULL),
(229, 'FIRAVITOBA ', NULL, 15, 57, 272, NULL, NULL),
(230, 'FLORESTA ', NULL, 15, 57, 276, NULL, NULL),
(231, 'GACHANTIVA ', NULL, 15, 57, 293, NULL, NULL),
(232, 'GAMEZA ', NULL, 15, 57, 296, NULL, NULL),
(233, 'GARAGOA ', NULL, 15, 57, 299, NULL, NULL),
(234, 'GUACAMAYAS ', NULL, 15, 57, 317, NULL, NULL),
(235, 'GUATEQUE ', NULL, 15, 57, 322, NULL, NULL),
(236, 'GUAYATA ', NULL, 15, 57, 325, NULL, NULL),
(237, 'GüICAN ', NULL, 15, 57, 332, NULL, NULL),
(238, 'IZA ', NULL, 15, 57, 362, NULL, NULL),
(239, 'JENESANO ', NULL, 15, 57, 367, NULL, NULL),
(240, 'JERICO ', NULL, 15, 57, 368, NULL, NULL),
(241, 'LABRANZAGRANDE ', NULL, 15, 57, 377, NULL, NULL),
(242, 'LA CAPILLA ', NULL, 15, 57, 380, NULL, NULL),
(243, 'LA VICTORIA ', NULL, 15, 57, 401, NULL, NULL),
(244, 'LA UVITA ', NULL, 15, 57, 403, NULL, NULL),
(245, 'VILLA DE LEYVA ', NULL, 15, 57, 407, NULL, NULL),
(246, 'MACANAL ', NULL, 15, 57, 425, NULL, NULL),
(247, 'MARIPI ', NULL, 15, 57, 442, NULL, NULL),
(248, 'MIRAFLORES ', NULL, 15, 57, 455, NULL, NULL),
(249, 'MONGUA ', NULL, 15, 57, 464, NULL, NULL),
(250, 'MONGUI ', NULL, 15, 57, 466, NULL, NULL),
(251, 'MONIQUIRA ', NULL, 15, 57, 469, NULL, NULL),
(252, 'MOTAVITA ', NULL, 15, 57, 476, NULL, NULL),
(253, 'MUZO ', NULL, 15, 57, 480, NULL, NULL),
(254, 'NOBSA ', NULL, 15, 57, 491, NULL, NULL),
(255, 'NUEVO COLON ', NULL, 15, 57, 494, NULL, NULL),
(256, 'OICATA ', NULL, 15, 57, 500, NULL, NULL),
(257, 'OTANCHE ', NULL, 15, 57, 507, NULL, NULL),
(258, 'PACHAVITA ', NULL, 15, 57, 511, NULL, NULL),
(259, 'PAEZ ', NULL, 15, 57, 514, NULL, NULL),
(260, 'PAIPA ', NULL, 15, 57, 516, NULL, NULL),
(261, 'PAJARITO ', NULL, 15, 57, 518, NULL, NULL),
(262, 'PANQUEBA ', NULL, 15, 57, 522, NULL, NULL),
(263, 'PAUNA ', NULL, 15, 57, 531, NULL, NULL),
(264, 'PAYA ', NULL, 15, 57, 533, NULL, NULL),
(265, 'PAZ DE RIO ', NULL, 15, 57, 537, NULL, NULL),
(266, 'PESCA ', NULL, 15, 57, 542, NULL, NULL),
(267, 'PISBA ', NULL, 15, 57, 550, NULL, NULL),
(268, 'PUERTO BOYACA ', NULL, 15, 57, 572, NULL, NULL),
(269, 'QUIPAMA ', NULL, 15, 57, 580, NULL, NULL),
(270, 'RAMIRIQUI ', NULL, 15, 57, 599, NULL, NULL),
(271, 'RAQUIRA ', NULL, 15, 57, 600, NULL, NULL),
(272, 'RONDON ', NULL, 15, 57, 621, NULL, NULL),
(273, 'SABOYA ', NULL, 15, 57, 632, NULL, NULL),
(274, 'SACHICA ', NULL, 15, 57, 638, NULL, NULL),
(275, 'SAMACA ', NULL, 15, 57, 646, NULL, NULL),
(276, 'SAN EDUARDO ', NULL, 15, 57, 660, NULL, NULL),
(277, 'SAN JOSE DE PARE ', NULL, 15, 57, 664, NULL, NULL),
(278, 'SAN LUIS DE GACENO ', NULL, 15, 57, 667, NULL, NULL),
(279, 'SAN MATEO ', NULL, 15, 57, 673, NULL, NULL),
(280, 'SAN MIGUEL DE SEMA ', NULL, 15, 57, 676, NULL, NULL),
(281, 'SAN PABLO DE BORBUR ', NULL, 15, 57, 681, NULL, NULL),
(282, 'SANTANA ', NULL, 15, 57, 686, NULL, NULL),
(283, 'SANTA MARIA ', NULL, 15, 57, 690, NULL, NULL),
(284, 'SANTA ROSA DE VITERBO ', NULL, 15, 57, 693, NULL, NULL),
(285, 'SANTA SOFIA ', NULL, 15, 57, 696, NULL, NULL),
(286, 'SATIVANORTE ', NULL, 15, 57, 720, NULL, NULL),
(287, 'SATIVASUR ', NULL, 15, 57, 723, NULL, NULL),
(288, 'SIACHOQUE ', NULL, 15, 57, 740, NULL, NULL),
(289, 'SOATA ', NULL, 15, 57, 753, NULL, NULL),
(290, 'SOCOTA ', NULL, 15, 57, 755, NULL, NULL),
(291, 'SOCHA ', NULL, 15, 57, 757, NULL, NULL),
(292, 'SOGAMOSO ', NULL, 15, 57, 759, NULL, NULL),
(293, 'SOMONDOCO ', NULL, 15, 57, 761, NULL, NULL),
(294, 'SORA ', NULL, 15, 57, 762, NULL, NULL),
(295, 'SOTAQUIRA ', NULL, 15, 57, 763, NULL, NULL),
(296, 'SORACA ', NULL, 15, 57, 764, NULL, NULL),
(297, 'SUSACON ', NULL, 15, 57, 774, NULL, NULL),
(298, 'SUTAMARCHAN ', NULL, 15, 57, 776, NULL, NULL),
(299, 'SUTATENZA ', NULL, 15, 57, 778, NULL, NULL),
(300, 'TASCO ', NULL, 15, 57, 790, NULL, NULL),
(301, 'TENZA ', NULL, 15, 57, 798, NULL, NULL),
(302, 'TIBANA ', NULL, 15, 57, 804, NULL, NULL),
(303, 'TIBASOSA ', NULL, 15, 57, 806, NULL, NULL),
(304, 'TINJACA ', NULL, 15, 57, 808, NULL, NULL),
(305, 'TIPACOQUE ', NULL, 15, 57, 810, NULL, NULL),
(306, 'TOCA ', NULL, 15, 57, 814, NULL, NULL),
(307, 'TOGüI ', NULL, 15, 57, 816, NULL, NULL),
(308, 'TOPAGA ', NULL, 15, 57, 820, NULL, NULL),
(309, 'TOTA ', NULL, 15, 57, 822, NULL, NULL),
(310, 'TUNUNGUA ', NULL, 15, 57, 832, NULL, NULL),
(311, 'TURMEQUE ', NULL, 15, 57, 835, NULL, NULL),
(312, 'TUTA ', NULL, 15, 57, 837, NULL, NULL),
(313, 'TUTAZA ', NULL, 15, 57, 839, NULL, NULL),
(314, 'UMBITA ', NULL, 15, 57, 842, NULL, NULL),
(315, 'VENTAQUEMADA ', NULL, 15, 57, 861, NULL, NULL),
(316, 'VIRACACHA ', NULL, 15, 57, 879, NULL, NULL),
(317, 'ZETAQUIRA ', NULL, 15, 57, 897, NULL, NULL),
(318, 'MANIZALES ', NULL, 17, 57, 1, NULL, NULL),
(319, 'AGUADAS ', NULL, 17, 57, 13, NULL, NULL),
(320, 'ANSERMA ', NULL, 17, 57, 42, NULL, NULL),
(321, 'ARANZAZU ', NULL, 17, 57, 50, NULL, NULL),
(322, 'BELALCAZAR ', NULL, 17, 57, 88, NULL, NULL),
(323, 'CHINCHINA ', NULL, 17, 57, 174, NULL, NULL),
(324, 'FILADELFIA ', NULL, 17, 57, 272, NULL, NULL),
(325, 'LA DORADA ', NULL, 17, 57, 380, NULL, NULL),
(326, 'LA MERCED ', NULL, 17, 57, 388, NULL, NULL),
(327, 'MANZANARES ', NULL, 17, 57, 433, NULL, NULL),
(328, 'MARMATO ', NULL, 17, 57, 442, NULL, NULL),
(329, 'MARQUETALIA ', NULL, 17, 57, 444, NULL, NULL),
(330, 'MARULANDA ', NULL, 17, 57, 446, NULL, NULL),
(331, 'NEIRA ', NULL, 17, 57, 486, NULL, NULL),
(332, 'NORCASIA ', NULL, 17, 57, 495, NULL, NULL),
(333, 'PACORA ', NULL, 17, 57, 513, NULL, NULL),
(334, 'PALESTINA ', NULL, 17, 57, 524, NULL, NULL),
(335, 'PENSILVANIA ', NULL, 17, 57, 541, NULL, NULL),
(336, 'RIOSUCIO ', NULL, 17, 57, 614, NULL, NULL),
(337, 'RISARALDA ', NULL, 17, 57, 616, NULL, NULL),
(338, 'SALAMINA ', NULL, 17, 57, 653, NULL, NULL),
(339, 'SAMANA ', NULL, 17, 57, 662, NULL, NULL),
(340, 'SAN JOSE ', NULL, 17, 57, 665, NULL, NULL),
(341, 'SUPIA ', NULL, 17, 57, 777, NULL, NULL),
(342, 'VICTORIA ', NULL, 17, 57, 867, NULL, NULL),
(343, 'VILLAMARIA ', NULL, 17, 57, 873, NULL, NULL),
(344, 'VITERBO ', NULL, 17, 57, 877, NULL, NULL),
(345, 'FLORENCIA ', NULL, 18, 57, 1, NULL, NULL),
(346, 'ALBANIA ', NULL, 18, 57, 29, NULL, NULL),
(347, 'BELEN DE LOS ANDAQUIES ', NULL, 18, 57, 94, NULL, NULL),
(348, 'CARTAGENA DEL CHAIRA ', NULL, 18, 57, 150, NULL, NULL),
(349, 'CURILLO ', NULL, 18, 57, 205, NULL, NULL),
(350, 'EL DONCELLO ', NULL, 18, 57, 247, NULL, NULL),
(351, 'EL PAUJIL ', NULL, 18, 57, 256, NULL, NULL),
(352, 'LA MONTAÑITA ', NULL, 18, 57, 410, NULL, NULL),
(353, 'MILAN ', NULL, 18, 57, 460, NULL, NULL),
(354, 'MORELIA ', NULL, 18, 57, 479, NULL, NULL),
(355, 'PUERTO RICO ', NULL, 18, 57, 592, NULL, NULL),
(356, 'SAN JOSE DE LA FRAGUA ', NULL, 18, 57, 610, NULL, NULL),
(357, 'SAN VICENTE DEL CAGUAN ', NULL, 18, 57, 753, NULL, NULL),
(358, 'SOLANO ', NULL, 18, 57, 756, NULL, NULL),
(359, 'SOLITA ', NULL, 18, 57, 785, NULL, NULL),
(360, 'VALPARAISO ', NULL, 18, 57, 860, NULL, NULL),
(361, 'POPAYAN ', NULL, 19, 57, 1, NULL, NULL),
(362, 'ALMAGUER ', NULL, 19, 57, 22, NULL, NULL),
(363, 'ARGELIA ', NULL, 19, 57, 50, NULL, NULL),
(364, 'BALBOA ', NULL, 19, 57, 75, NULL, NULL),
(365, 'BOLIVAR ', NULL, 19, 57, 100, NULL, NULL),
(366, 'BUENOS AIRES ', NULL, 19, 57, 110, NULL, NULL),
(367, 'CAJIBIO ', NULL, 19, 57, 130, NULL, NULL),
(368, 'CALDONO ', NULL, 19, 57, 137, NULL, NULL),
(369, 'CALOTO ', NULL, 19, 57, 142, NULL, NULL),
(370, 'CORINTO ', NULL, 19, 57, 212, NULL, NULL),
(371, 'EL TAMBO ', NULL, 19, 57, 256, NULL, NULL),
(372, 'FLORENCIA ', NULL, 19, 57, 290, NULL, NULL),
(373, 'GUAPI ', NULL, 19, 57, 318, NULL, NULL),
(374, 'INZA ', NULL, 19, 57, 355, NULL, NULL),
(375, 'JAMBALO ', NULL, 19, 57, 364, NULL, NULL),
(376, 'LA SIERRA ', NULL, 19, 57, 392, NULL, NULL),
(377, 'LA VEGA ', NULL, 19, 57, 397, NULL, NULL),
(378, 'LOPEZ ', NULL, 19, 57, 418, NULL, NULL),
(379, 'MERCADERES ', NULL, 19, 57, 450, NULL, NULL),
(380, 'MIRANDA ', NULL, 19, 57, 455, NULL, NULL),
(381, 'MORALES ', NULL, 19, 57, 473, NULL, NULL),
(382, 'PADILLA ', NULL, 19, 57, 513, NULL, NULL),
(383, 'PAEZ ', NULL, 19, 57, 517, NULL, NULL),
(384, 'PATIA ', NULL, 19, 57, 532, NULL, NULL),
(385, 'PIAMONTE ', NULL, 19, 57, 533, NULL, NULL),
(386, 'PIENDAMO ', NULL, 19, 57, 548, NULL, NULL),
(387, 'PUERTO TEJADA ', NULL, 19, 57, 573, NULL, NULL),
(388, 'PURACE ', NULL, 19, 57, 585, NULL, NULL),
(389, 'ROSAS ', NULL, 19, 57, 622, NULL, NULL),
(390, 'SAN SEBASTIAN ', NULL, 19, 57, 693, NULL, NULL),
(391, 'SANTANDER DE QUILICHAO ', NULL, 19, 57, 698, NULL, NULL),
(392, 'SANTA ROSA ', NULL, 19, 57, 701, NULL, NULL),
(393, 'SILVIA ', NULL, 19, 57, 743, NULL, NULL),
(394, 'SOTARA ', NULL, 19, 57, 760, NULL, NULL),
(395, 'SUAREZ ', NULL, 19, 57, 780, NULL, NULL),
(396, 'SUCRE ', NULL, 19, 57, 785, NULL, NULL),
(397, 'TIMBIO ', NULL, 19, 57, 807, NULL, NULL),
(398, 'TIMBIQUI ', NULL, 19, 57, 809, NULL, NULL),
(399, 'TORIBIO ', NULL, 19, 57, 821, NULL, NULL),
(400, 'TOTORO ', NULL, 19, 57, 824, NULL, NULL),
(401, 'VILLA RICA ', NULL, 19, 57, 845, NULL, NULL),
(402, 'VALLEDUPAR ', NULL, 20, 57, 1, NULL, NULL),
(403, 'AGUACHICA ', NULL, 20, 57, 11, NULL, NULL),
(404, 'AGUSTIN CODAZZI ', NULL, 20, 57, 13, NULL, NULL),
(405, 'ASTREA ', NULL, 20, 57, 32, NULL, NULL),
(406, 'BECERRIL ', NULL, 20, 57, 45, NULL, NULL),
(407, 'BOSCONIA ', NULL, 20, 57, 60, NULL, NULL),
(408, 'CHIMICHAGUA ', NULL, 20, 57, 175, NULL, NULL),
(409, 'CHIRIGUANA ', NULL, 20, 57, 178, NULL, NULL),
(410, 'CURUMANI ', NULL, 20, 57, 228, NULL, NULL),
(411, 'EL COPEY ', NULL, 20, 57, 238, NULL, NULL),
(412, 'EL PASO ', NULL, 20, 57, 250, NULL, NULL),
(413, 'GAMARRA ', NULL, 20, 57, 295, NULL, NULL),
(414, 'GONZALEZ ', NULL, 20, 57, 310, NULL, NULL),
(415, 'LA GLORIA ', NULL, 20, 57, 383, NULL, NULL),
(416, 'LA JAGUA DE IBIRICO ', NULL, 20, 57, 400, NULL, NULL),
(417, 'MANAURE ', NULL, 20, 57, 443, NULL, NULL),
(418, 'PAILITAS ', NULL, 20, 57, 517, NULL, NULL),
(419, 'PELAYA ', NULL, 20, 57, 550, NULL, NULL),
(420, 'PUEBLO BELLO ', NULL, 20, 57, 570, NULL, NULL),
(421, 'RIO DE ORO ', NULL, 20, 57, 614, NULL, NULL),
(422, 'LA PAZ ', NULL, 20, 57, 621, NULL, NULL),
(423, 'SAN ALBERTO ', NULL, 20, 57, 710, NULL, NULL),
(424, 'SAN DIEGO ', NULL, 20, 57, 750, NULL, NULL),
(425, 'SAN MARTIN ', NULL, 20, 57, 770, NULL, NULL),
(426, 'TAMALAMEQUE ', NULL, 20, 57, 787, NULL, NULL),
(427, 'MONTERIA ', NULL, 23, 57, 1, NULL, NULL),
(428, 'AYAPEL ', NULL, 23, 57, 68, NULL, NULL),
(429, 'BUENAVISTA ', NULL, 23, 57, 79, NULL, NULL),
(430, 'CANALETE ', NULL, 23, 57, 90, NULL, NULL),
(431, 'CERETE ', NULL, 23, 57, 162, NULL, NULL),
(432, 'CHIMA ', NULL, 23, 57, 168, NULL, NULL),
(433, 'CHINU ', NULL, 23, 57, 182, NULL, NULL),
(434, 'CIENAGA DE ORO ', NULL, 23, 57, 189, NULL, NULL),
(435, 'COTORRA ', NULL, 23, 57, 300, NULL, NULL),
(436, 'LA APARTADA ', NULL, 23, 57, 350, NULL, NULL),
(437, 'LORICA ', NULL, 23, 57, 417, NULL, NULL),
(438, 'LOS CORDOBAS ', NULL, 23, 57, 419, NULL, NULL),
(439, 'MOMIL ', NULL, 23, 57, 464, NULL, NULL),
(440, 'MONTELIBANO ', NULL, 23, 57, 466, NULL, NULL),
(441, 'MOÑITOS ', NULL, 23, 57, 500, NULL, NULL),
(442, 'PLANETA RICA ', NULL, 23, 57, 555, NULL, NULL),
(443, 'PUEBLO NUEVO ', NULL, 23, 57, 570, NULL, NULL),
(444, 'PUERTO ESCONDIDO ', NULL, 23, 57, 574, NULL, NULL),
(445, 'PUERTO LIBERTADOR ', NULL, 23, 57, 580, NULL, NULL),
(446, 'PURISIMA ', NULL, 23, 57, 586, NULL, NULL),
(447, 'SAHAGUN ', NULL, 23, 57, 660, NULL, NULL),
(448, 'SAN ANDRES DE SOTAVENTO ', NULL, 23, 57, 670, NULL, NULL),
(449, 'SAN ANTERO ', NULL, 23, 57, 672, NULL, NULL),
(450, 'SAN BERNARDO DEL VIENTO ', NULL, 23, 57, 675, NULL, NULL),
(451, 'SAN CARLOS ', NULL, 23, 57, 678, NULL, NULL),
(452, 'SAN PELAYO ', NULL, 23, 57, 686, NULL, NULL),
(453, 'TIERRALTA ', NULL, 23, 57, 807, NULL, NULL),
(454, 'VALENCIA ', NULL, 23, 57, 855, NULL, NULL),
(455, 'AGUA DE DIOS ', NULL, 25, 57, 1, NULL, NULL),
(456, 'ALBAN ', NULL, 25, 57, 19, NULL, NULL),
(457, 'ANAPOIMA ', NULL, 25, 57, 35, NULL, NULL),
(458, 'ANOLAIMA ', NULL, 25, 57, 40, NULL, NULL),
(459, 'ARBELAEZ ', NULL, 25, 57, 53, NULL, NULL),
(460, 'BELTRAN ', NULL, 25, 57, 86, NULL, NULL),
(461, 'BITUIMA ', NULL, 25, 57, 95, NULL, NULL),
(462, 'BOJACA ', NULL, 25, 57, 99, NULL, NULL),
(463, 'CABRERA ', NULL, 25, 57, 120, NULL, NULL),
(464, 'CACHIPAY ', NULL, 25, 57, 123, NULL, NULL),
(465, 'CAJICA ', NULL, 25, 57, 126, NULL, NULL),
(466, 'CAPARRAPI ', NULL, 25, 57, 148, NULL, NULL),
(467, 'CAQUEZA ', NULL, 25, 57, 151, NULL, NULL),
(468, 'CARMEN DE CARUPA ', NULL, 25, 57, 154, NULL, NULL),
(469, 'CHAGUANI ', NULL, 25, 57, 168, NULL, NULL),
(470, 'CHIA ', NULL, 25, 57, 175, NULL, NULL),
(471, 'CHIPAQUE ', NULL, 25, 57, 178, NULL, NULL),
(472, 'CHOACHI ', NULL, 25, 57, 181, NULL, NULL),
(473, 'CHOCONTA ', NULL, 25, 57, 183, NULL, NULL),
(474, 'COGUA ', NULL, 25, 57, 200, NULL, NULL),
(475, 'COTA ', NULL, 25, 57, 214, NULL, NULL),
(476, 'CUCUNUBA ', NULL, 25, 57, 224, NULL, NULL),
(477, 'EL COLEGIO ', NULL, 25, 57, 245, NULL, NULL),
(478, 'EL PEÑON ', NULL, 25, 57, 258, NULL, NULL),
(479, 'EL ROSAL ', NULL, 25, 57, 260, NULL, NULL),
(480, 'FACATATIVA ', NULL, 25, 57, 269, NULL, NULL),
(481, 'FOMEQUE ', NULL, 25, 57, 279, NULL, NULL),
(482, 'FOSCA ', NULL, 25, 57, 281, NULL, NULL),
(483, 'FUNZA ', NULL, 25, 57, 286, NULL, NULL),
(484, 'FUQUENE ', NULL, 25, 57, 288, NULL, NULL),
(485, 'FUSAGASUGA ', NULL, 25, 57, 290, NULL, NULL),
(486, 'GACHALA ', NULL, 25, 57, 293, NULL, NULL),
(487, 'GACHANCIPA ', NULL, 25, 57, 295, NULL, NULL),
(488, 'GACHETA ', NULL, 25, 57, 297, NULL, NULL),
(489, 'GAMA ', NULL, 25, 57, 299, NULL, NULL),
(490, 'GIRARDOT ', NULL, 25, 57, 307, NULL, NULL),
(491, 'GRANADA ', NULL, 25, 57, 312, NULL, NULL),
(492, 'GUACHETA ', NULL, 25, 57, 317, NULL, NULL),
(493, 'GUADUAS ', NULL, 25, 57, 320, NULL, NULL),
(494, 'GUASCA ', NULL, 25, 57, 322, NULL, NULL),
(495, 'GUATAQUI ', NULL, 25, 57, 324, NULL, NULL),
(496, 'GUATAVITA ', NULL, 25, 57, 326, NULL, NULL),
(497, 'GUAYABAL DE SIQUIMA ', NULL, 25, 57, 328, NULL, NULL),
(498, 'GUAYABETAL ', NULL, 25, 57, 335, NULL, NULL),
(499, 'GUTIERREZ ', NULL, 25, 57, 339, NULL, NULL),
(500, 'JERUSALEN ', NULL, 25, 57, 368, NULL, NULL),
(501, 'JUNIN ', NULL, 25, 57, 372, NULL, NULL),
(502, 'LA CALERA ', NULL, 25, 57, 377, NULL, NULL),
(503, 'LA MESA ', NULL, 25, 57, 386, NULL, NULL),
(504, 'LA PALMA ', NULL, 25, 57, 394, NULL, NULL),
(505, 'LA PEÑA ', NULL, 25, 57, 398, NULL, NULL),
(506, 'LA VEGA ', NULL, 25, 57, 402, NULL, NULL),
(507, 'LENGUAZAQUE ', NULL, 25, 57, 407, NULL, NULL),
(508, 'MACHETA ', NULL, 25, 57, 426, NULL, NULL),
(509, 'MADRID ', NULL, 25, 57, 430, NULL, NULL),
(510, 'MANTA ', NULL, 25, 57, 436, NULL, NULL),
(511, 'MEDINA ', NULL, 25, 57, 438, NULL, NULL),
(512, 'MOSQUERA ', NULL, 25, 57, 473, NULL, NULL),
(513, 'NARIÑO ', NULL, 25, 57, 483, NULL, NULL),
(514, 'NEMOCON ', NULL, 25, 57, 486, NULL, NULL),
(515, 'NILO ', NULL, 25, 57, 488, NULL, NULL),
(516, 'NIMAIMA ', NULL, 25, 57, 489, NULL, NULL),
(517, 'NOCAIMA ', NULL, 25, 57, 491, NULL, NULL),
(518, 'VENECIA ', NULL, 25, 57, 506, NULL, NULL),
(519, 'PACHO ', NULL, 25, 57, 513, NULL, NULL),
(520, 'PAIME ', NULL, 25, 57, 518, NULL, NULL),
(521, 'PANDI ', NULL, 25, 57, 524, NULL, NULL),
(522, 'PARATEBUENO ', NULL, 25, 57, 530, NULL, NULL),
(523, 'PASCA ', NULL, 25, 57, 535, NULL, NULL),
(524, 'PUERTO SALGAR ', NULL, 25, 57, 572, NULL, NULL),
(525, 'PULI ', NULL, 25, 57, 580, NULL, NULL),
(526, 'QUEBRADANEGRA ', NULL, 25, 57, 592, NULL, NULL),
(527, 'QUETAME ', NULL, 25, 57, 594, NULL, NULL),
(528, 'QUIPILE ', NULL, 25, 57, 596, NULL, NULL),
(529, 'APULO ', NULL, 25, 57, 599, NULL, NULL),
(530, 'RICAURTE ', NULL, 25, 57, 612, NULL, NULL),
(531, 'SAN ANTONIO DEL TEQUENDAMA ', NULL, 25, 57, 645, NULL, NULL),
(532, 'SAN BERNARDO ', NULL, 25, 57, 649, NULL, NULL),
(533, 'SAN CAYETANO ', NULL, 25, 57, 653, NULL, NULL),
(534, 'SAN FRANCISCO ', NULL, 25, 57, 658, NULL, NULL),
(535, 'SAN JUAN DE RIO SECO ', NULL, 25, 57, 662, NULL, NULL),
(536, 'SASAIMA ', NULL, 25, 57, 718, NULL, NULL),
(537, 'SESQUILE ', NULL, 25, 57, 736, NULL, NULL),
(538, 'SIBATE ', NULL, 25, 57, 740, NULL, NULL),
(539, 'SILVANIA ', NULL, 25, 57, 743, NULL, NULL),
(540, 'SIMIJACA ', NULL, 25, 57, 745, NULL, NULL),
(541, 'SOACHA ', NULL, 25, 57, 754, NULL, NULL),
(542, 'SOPO ', NULL, 25, 57, 758, NULL, NULL),
(543, 'SUBACHOQUE ', NULL, 25, 57, 769, NULL, NULL),
(544, 'SUESCA ', NULL, 25, 57, 772, NULL, NULL),
(545, 'SUPATA ', NULL, 25, 57, 777, NULL, NULL),
(546, 'SUSA ', NULL, 25, 57, 779, NULL, NULL),
(547, 'SUTATAUSA ', NULL, 25, 57, 781, NULL, NULL),
(548, 'TABIO ', NULL, 25, 57, 785, NULL, NULL),
(549, 'TAUSA ', NULL, 25, 57, 793, NULL, NULL),
(550, 'TENA ', NULL, 25, 57, 797, NULL, NULL),
(551, 'TENJO ', NULL, 25, 57, 799, NULL, NULL),
(552, 'TIBACUY ', NULL, 25, 57, 805, NULL, NULL),
(553, 'TIBIRITA ', NULL, 25, 57, 807, NULL, NULL),
(554, 'TOCAIMA ', NULL, 25, 57, 815, NULL, NULL),
(555, 'TOCANCIPA ', NULL, 25, 57, 817, NULL, NULL),
(556, 'TOPAIPI ', NULL, 25, 57, 823, NULL, NULL),
(557, 'UBALA ', NULL, 25, 57, 839, NULL, NULL),
(558, 'UBAQUE ', NULL, 25, 57, 841, NULL, NULL),
(559, 'VILLA DE SAN DIEGO DE UBATE ', NULL, 25, 57, 843, NULL, NULL),
(560, 'UNE ', NULL, 25, 57, 845, NULL, NULL),
(561, 'UTICA ', NULL, 25, 57, 851, NULL, NULL),
(562, 'VERGARA ', NULL, 25, 57, 862, NULL, NULL),
(563, 'VIANI ', NULL, 25, 57, 867, NULL, NULL),
(564, 'VILLAGOMEZ ', NULL, 25, 57, 871, NULL, NULL),
(565, 'VILLAPINZON ', NULL, 25, 57, 873, NULL, NULL),
(566, 'VILLETA ', NULL, 25, 57, 875, NULL, NULL),
(567, 'VIOTA ', NULL, 25, 57, 878, NULL, NULL),
(568, 'YACOPI ', NULL, 25, 57, 885, NULL, NULL),
(569, 'ZIPACON ', NULL, 25, 57, 898, NULL, NULL),
(570, 'ZIPAQUIRA ', NULL, 25, 57, 899, NULL, NULL),
(571, 'QUIBDO ', NULL, 27, 57, 1, NULL, NULL),
(572, 'ACANDI ', NULL, 27, 57, 6, NULL, NULL),
(573, 'ALTO BAUDO ', NULL, 27, 57, 25, NULL, NULL),
(574, 'ATRATO ', NULL, 27, 57, 50, NULL, NULL),
(575, 'BAGADO ', NULL, 27, 57, 73, NULL, NULL),
(576, 'BAHIA SOLANO ', NULL, 27, 57, 75, NULL, NULL),
(577, 'BAJO BAUDO ', NULL, 27, 57, 77, NULL, NULL),
(578, 'BELEN DE BAJIRA ', NULL, 27, 57, 86, NULL, NULL),
(579, 'BOJAYA ', NULL, 27, 57, 99, NULL, NULL),
(580, 'EL CANTON DEL SAN PABLO ', NULL, 27, 57, 135, NULL, NULL),
(581, 'CARMEN DEL DARIEN ', NULL, 27, 57, 150, NULL, NULL),
(582, 'CERTEGUI ', NULL, 27, 57, 160, NULL, NULL),
(583, 'CONDOTO ', NULL, 27, 57, 205, NULL, NULL),
(584, 'EL CARMEN DE ATRATO ', NULL, 27, 57, 245, NULL, NULL),
(585, 'EL LITORAL DEL SAN JUAN ', NULL, 27, 57, 250, NULL, NULL),
(586, 'ISTMINA ', NULL, 27, 57, 361, NULL, NULL),
(587, 'JURADO ', NULL, 27, 57, 372, NULL, NULL),
(588, 'LLORO ', NULL, 27, 57, 413, NULL, NULL),
(589, 'MEDIO ATRATO ', NULL, 27, 57, 425, NULL, NULL),
(590, 'MEDIO BAUDO ', NULL, 27, 57, 430, NULL, NULL),
(591, 'MEDIO SAN JUAN ', NULL, 27, 57, 450, NULL, NULL),
(592, 'NOVITA ', NULL, 27, 57, 491, NULL, NULL),
(593, 'NUQUI ', NULL, 27, 57, 495, NULL, NULL),
(594, 'RIO IRO ', NULL, 27, 57, 580, NULL, NULL),
(595, 'RIO QUITO ', NULL, 27, 57, 600, NULL, NULL),
(596, 'RIOSUCIO ', NULL, 27, 57, 615, NULL, NULL),
(597, 'SAN JOSE DEL PALMAR ', NULL, 27, 57, 660, NULL, NULL),
(598, 'SIPI ', NULL, 27, 57, 745, NULL, NULL),
(599, 'TADO ', NULL, 27, 57, 787, NULL, NULL),
(600, 'UNGUIA ', NULL, 27, 57, 800, NULL, NULL),
(601, 'UNION PANAMERICANA ', NULL, 27, 57, 810, NULL, NULL),
(602, 'NEIVA ', NULL, 41, 57, 1, NULL, NULL),
(603, 'ACEVEDO ', NULL, 41, 57, 6, NULL, NULL),
(604, 'AGRADO ', NULL, 41, 57, 13, NULL, NULL),
(605, 'AIPE ', NULL, 41, 57, 16, NULL, NULL),
(606, 'ALGECIRAS ', NULL, 41, 57, 20, NULL, NULL),
(607, 'ALTAMIRA ', NULL, 41, 57, 26, NULL, NULL),
(608, 'BARAYA ', NULL, 41, 57, 78, NULL, NULL),
(609, 'CAMPOALEGRE ', NULL, 41, 57, 132, NULL, NULL),
(610, 'COLOMBIA ', NULL, 41, 57, 206, NULL, NULL),
(611, 'ELIAS ', NULL, 41, 57, 244, NULL, NULL),
(612, 'GARZON ', NULL, 41, 57, 298, NULL, NULL),
(613, 'GIGANTE ', NULL, 41, 57, 306, NULL, NULL),
(614, 'GUADALUPE ', NULL, 41, 57, 319, NULL, NULL),
(615, 'HOBO ', NULL, 41, 57, 349, NULL, NULL),
(616, 'IQUIRA ', NULL, 41, 57, 357, NULL, NULL),
(617, 'ISNOS ', NULL, 41, 57, 359, NULL, NULL),
(618, 'LA ARGENTINA ', NULL, 41, 57, 378, NULL, NULL),
(619, 'LA PLATA ', NULL, 41, 57, 396, NULL, NULL),
(620, 'NATAGA ', NULL, 41, 57, 483, NULL, NULL),
(621, 'OPORAPA ', NULL, 41, 57, 503, NULL, NULL),
(622, 'PAICOL ', NULL, 41, 57, 518, NULL, NULL),
(623, 'PALERMO ', NULL, 41, 57, 524, NULL, NULL),
(624, 'PALESTINA ', NULL, 41, 57, 530, NULL, NULL),
(625, 'PITAL ', NULL, 41, 57, 548, NULL, NULL),
(626, 'PITALITO ', NULL, 41, 57, 551, NULL, NULL),
(627, 'RIVERA ', NULL, 41, 57, 615, NULL, NULL),
(628, 'SALADOBLANCO ', NULL, 41, 57, 660, NULL, NULL),
(629, 'SAN AGUSTIN ', NULL, 41, 57, 668, NULL, NULL),
(630, 'SANTA MARIA ', NULL, 41, 57, 676, NULL, NULL),
(631, 'SUAZA ', NULL, 41, 57, 770, NULL, NULL),
(632, 'TARQUI ', NULL, 41, 57, 791, NULL, NULL),
(633, 'TESALIA ', NULL, 41, 57, 797, NULL, NULL),
(634, 'TELLO ', NULL, 41, 57, 799, NULL, NULL),
(635, 'TERUEL ', NULL, 41, 57, 801, NULL, NULL),
(636, 'TIMANA ', NULL, 41, 57, 807, NULL, NULL),
(637, 'VILLAVIEJA ', NULL, 41, 57, 872, NULL, NULL),
(638, 'YAGUARA ', NULL, 41, 57, 885, NULL, NULL),
(639, 'RIOHACHA ', NULL, 44, 57, 1, NULL, NULL),
(640, 'ALBANIA ', NULL, 44, 57, 35, NULL, NULL),
(641, 'BARRANCAS ', NULL, 44, 57, 78, NULL, NULL),
(642, 'DIBULLA ', NULL, 44, 57, 90, NULL, NULL),
(643, 'DISTRACCION ', NULL, 44, 57, 98, NULL, NULL),
(644, 'EL MOLINO ', NULL, 44, 57, 110, NULL, NULL),
(645, 'FONSECA ', NULL, 44, 57, 279, NULL, NULL),
(646, 'HATONUEVO ', NULL, 44, 57, 378, NULL, NULL),
(647, 'LA JAGUA DEL PILAR ', NULL, 44, 57, 420, NULL, NULL),
(648, 'MAICAO ', NULL, 44, 57, 430, NULL, NULL),
(649, 'MANAURE ', NULL, 44, 57, 560, NULL, NULL),
(650, 'SAN JUAN DEL CESAR ', NULL, 44, 57, 650, NULL, NULL),
(651, 'URIBIA ', NULL, 44, 57, 847, NULL, NULL),
(652, 'URUMITA ', NULL, 44, 57, 855, NULL, NULL),
(653, 'VILLANUEVA ', NULL, 44, 57, 874, NULL, NULL),
(654, 'SANTA MARTA ', NULL, 47, 57, 1, NULL, NULL),
(655, 'ALGARROBO ', NULL, 47, 57, 30, NULL, NULL),
(656, 'ARACATACA ', NULL, 47, 57, 53, NULL, NULL),
(657, 'ARIGUANI ', NULL, 47, 57, 58, NULL, NULL),
(658, 'CERRO SAN ANTONIO ', NULL, 47, 57, 161, NULL, NULL),
(659, 'CHIVOLO ', NULL, 47, 57, 170, NULL, NULL),
(660, 'CIENAGA ', NULL, 47, 57, 189, NULL, NULL),
(661, 'CONCORDIA ', NULL, 47, 57, 205, NULL, NULL),
(662, 'EL BANCO ', NULL, 47, 57, 245, NULL, NULL),
(663, 'EL PIÑON ', NULL, 47, 57, 258, NULL, NULL),
(664, 'EL RETEN ', NULL, 47, 57, 268, NULL, NULL),
(665, 'FUNDACION ', NULL, 47, 57, 288, NULL, NULL),
(666, 'GUAMAL ', NULL, 47, 57, 318, NULL, NULL),
(667, 'NUEVA GRANADA ', NULL, 47, 57, 460, NULL, NULL),
(668, 'PEDRAZA ', NULL, 47, 57, 541, NULL, NULL),
(669, 'PIJIÑO DEL CARMEN ', NULL, 47, 57, 545, NULL, NULL),
(670, 'PIVIJAY ', NULL, 47, 57, 551, NULL, NULL),
(671, 'PLATO ', NULL, 47, 57, 555, NULL, NULL),
(672, 'PUEBLOVIEJO ', NULL, 47, 57, 570, NULL, NULL),
(673, 'REMOLINO ', NULL, 47, 57, 605, NULL, NULL),
(674, 'SABANAS DE SAN ANGEL ', NULL, 47, 57, 660, NULL, NULL),
(675, 'SALAMINA ', NULL, 47, 57, 675, NULL, NULL),
(676, 'SAN SEBASTIAN DE BUENAVISTA ', NULL, 47, 57, 692, NULL, NULL),
(677, 'SAN ZENON ', NULL, 47, 57, 703, NULL, NULL),
(678, 'SANTA ANA ', NULL, 47, 57, 707, NULL, NULL),
(679, 'SANTA BARBARA DE PINTO ', NULL, 47, 57, 720, NULL, NULL),
(680, 'SITIONUEVO ', NULL, 47, 57, 745, NULL, NULL),
(681, 'TENERIFE ', NULL, 47, 57, 798, NULL, NULL),
(682, 'ZAPAYAN ', NULL, 47, 57, 960, NULL, NULL),
(683, 'ZONA BANANERA ', NULL, 47, 57, 980, NULL, NULL),
(684, 'VILLAVICENCIO ', NULL, 50, 57, 1, NULL, NULL),
(685, 'ACACIAS ', NULL, 50, 57, 6, NULL, NULL),
(686, 'BARRANCA DE UPIA ', NULL, 50, 57, 110, NULL, NULL),
(687, 'CABUYARO ', NULL, 50, 57, 124, NULL, NULL),
(688, 'CASTILLA LA NUEVA ', NULL, 50, 57, 150, NULL, NULL),
(689, 'CUBARRAL ', NULL, 50, 57, 223, NULL, NULL),
(690, 'CUMARAL ', NULL, 50, 57, 226, NULL, NULL),
(691, 'EL CALVARIO ', NULL, 50, 57, 245, NULL, NULL),
(692, 'EL CASTILLO ', NULL, 50, 57, 251, NULL, NULL),
(693, 'EL DORADO ', NULL, 50, 57, 270, NULL, NULL),
(694, 'FUENTE DE ORO ', NULL, 50, 57, 287, NULL, NULL),
(695, 'GRANADA ', NULL, 50, 57, 313, NULL, NULL),
(696, 'GUAMAL ', NULL, 50, 57, 318, NULL, NULL),
(697, 'MAPIRIPAN ', NULL, 50, 57, 325, NULL, NULL),
(698, 'MESETAS ', NULL, 50, 57, 330, NULL, NULL),
(699, 'LA MACARENA ', NULL, 50, 57, 350, NULL, NULL),
(700, 'URIBE ', NULL, 50, 57, 370, NULL, NULL),
(701, 'LEJANIAS ', NULL, 50, 57, 400, NULL, NULL),
(702, 'PUERTO CONCORDIA ', NULL, 50, 57, 450, NULL, NULL),
(703, 'PUERTO GAITAN ', NULL, 50, 57, 568, NULL, NULL),
(704, 'PUERTO LOPEZ ', NULL, 50, 57, 573, NULL, NULL),
(705, 'PUERTO LLERAS ', NULL, 50, 57, 577, NULL, NULL),
(706, 'PUERTO RICO ', NULL, 50, 57, 590, NULL, NULL),
(707, 'RESTREPO ', NULL, 50, 57, 606, NULL, NULL),
(708, 'SAN CARLOS DE GUAROA ', NULL, 50, 57, 680, NULL, NULL),
(709, 'SAN JUAN DE ARAMA ', NULL, 50, 57, 683, NULL, NULL),
(710, 'SAN JUANITO ', NULL, 50, 57, 686, NULL, NULL),
(711, 'SAN MARTIN ', NULL, 50, 57, 689, NULL, NULL),
(712, 'VISTA HERMOSA ', NULL, 50, 57, 711, NULL, NULL),
(713, 'PASTO ', NULL, 52, 57, 1, NULL, NULL),
(714, 'ALBAN ', NULL, 52, 57, 19, NULL, NULL),
(715, 'ALDANA ', NULL, 52, 57, 22, NULL, NULL),
(716, 'ANCUYA ', NULL, 52, 57, 36, NULL, NULL),
(717, 'ARBOLEDA ', NULL, 52, 57, 51, NULL, NULL),
(718, 'BARBACOAS ', NULL, 52, 57, 79, NULL, NULL),
(719, 'BELEN ', NULL, 52, 57, 83, NULL, NULL),
(720, 'BUESACO ', NULL, 52, 57, 110, NULL, NULL),
(721, 'COLON ', NULL, 52, 57, 203, NULL, NULL),
(722, 'CONSACA ', NULL, 52, 57, 207, NULL, NULL),
(723, 'CONTADERO ', NULL, 52, 57, 210, NULL, NULL),
(724, 'CORDOBA ', NULL, 52, 57, 215, NULL, NULL),
(725, 'CUASPUD ', NULL, 52, 57, 224, NULL, NULL),
(726, 'CUMBAL ', NULL, 52, 57, 227, NULL, NULL),
(727, 'CUMBITARA ', NULL, 52, 57, 233, NULL, NULL),
(728, 'CHACHAGüI ', NULL, 52, 57, 240, NULL, NULL),
(729, 'EL CHARCO ', NULL, 52, 57, 250, NULL, NULL),
(730, 'EL PEÑOL ', NULL, 52, 57, 254, NULL, NULL),
(731, 'EL ROSARIO ', NULL, 52, 57, 256, NULL, NULL),
(732, 'EL TABLON DE GOMEZ ', NULL, 52, 57, 258, NULL, NULL),
(733, 'EL TAMBO ', NULL, 52, 57, 260, NULL, NULL),
(734, 'FUNES ', NULL, 52, 57, 287, NULL, NULL),
(735, 'GUACHUCAL ', NULL, 52, 57, 317, NULL, NULL),
(736, 'GUAITARILLA ', NULL, 52, 57, 320, NULL, NULL),
(737, 'GUALMATAN ', NULL, 52, 57, 323, NULL, NULL),
(738, 'ILES ', NULL, 52, 57, 352, NULL, NULL),
(739, 'IMUES ', NULL, 52, 57, 354, NULL, NULL),
(740, 'IPIALES ', NULL, 52, 57, 356, NULL, NULL),
(741, 'LA CRUZ ', NULL, 52, 57, 378, NULL, NULL),
(742, 'LA FLORIDA ', NULL, 52, 57, 381, NULL, NULL),
(743, 'LA LLANADA ', NULL, 52, 57, 385, NULL, NULL),
(744, 'LA TOLA ', NULL, 52, 57, 390, NULL, NULL),
(745, 'LA UNION ', NULL, 52, 57, 399, NULL, NULL),
(746, 'LEIVA ', NULL, 52, 57, 405, NULL, NULL),
(747, 'LINARES ', NULL, 52, 57, 411, NULL, NULL),
(748, 'LOS ANDES ', NULL, 52, 57, 418, NULL, NULL),
(749, 'MAGüI ', NULL, 52, 57, 427, NULL, NULL),
(750, 'MALLAMA ', NULL, 52, 57, 435, NULL, NULL),
(751, 'MOSQUERA ', NULL, 52, 57, 473, NULL, NULL),
(752, 'NARIÑO ', NULL, 52, 57, 480, NULL, NULL),
(753, 'OLAYA HERRERA ', NULL, 52, 57, 490, NULL, NULL),
(754, 'OSPINA ', NULL, 52, 57, 506, NULL, NULL),
(755, 'FRANCISCO PIZARRO ', NULL, 52, 57, 520, NULL, NULL),
(756, 'POLICARPA ', NULL, 52, 57, 540, NULL, NULL),
(757, 'POTOSI ', NULL, 52, 57, 560, NULL, NULL),
(758, 'PROVIDENCIA ', NULL, 52, 57, 565, NULL, NULL),
(759, 'PUERRES ', NULL, 52, 57, 573, NULL, NULL),
(760, 'PUPIALES ', NULL, 52, 57, 585, NULL, NULL),
(761, 'RICAURTE ', NULL, 52, 57, 612, NULL, NULL),
(762, 'ROBERTO PAYAN ', NULL, 52, 57, 621, NULL, NULL),
(763, 'SAMANIEGO ', NULL, 52, 57, 678, NULL, NULL),
(764, 'SANDONA ', NULL, 52, 57, 683, NULL, NULL),
(765, 'SAN BERNARDO ', NULL, 52, 57, 685, NULL, NULL),
(766, 'SAN LORENZO ', NULL, 52, 57, 687, NULL, NULL),
(767, 'SAN PABLO ', NULL, 52, 57, 693, NULL, NULL),
(768, 'SAN PEDRO DE CARTAGO ', NULL, 52, 57, 694, NULL, NULL),
(769, 'SANTA BARBARA ', NULL, 52, 57, 696, NULL, NULL),
(770, 'SANTACRUZ ', NULL, 52, 57, 699, NULL, NULL),
(771, 'SAPUYES ', NULL, 52, 57, 720, NULL, NULL),
(772, 'TAMINANGO ', NULL, 52, 57, 786, NULL, NULL),
(773, 'TANGUA ', NULL, 52, 57, 788, NULL, NULL),
(774, 'TUMACO ', NULL, 52, 57, 835, NULL, NULL),
(775, 'TUQUERRES ', NULL, 52, 57, 838, NULL, NULL),
(776, 'YACUANQUER ', NULL, 52, 57, 885, NULL, NULL),
(777, 'CUCUTA ', NULL, 54, 57, 1, NULL, NULL),
(778, 'ABREGO ', NULL, 54, 57, 3, NULL, NULL),
(779, 'ARBOLEDAS ', NULL, 54, 57, 51, NULL, NULL),
(780, 'BOCHALEMA ', NULL, 54, 57, 99, NULL, NULL),
(781, 'BUCARASICA ', NULL, 54, 57, 109, NULL, NULL),
(782, 'CACOTA ', NULL, 54, 57, 125, NULL, NULL),
(783, 'CACHIRA ', NULL, 54, 57, 128, NULL, NULL),
(784, 'CHINACOTA ', NULL, 54, 57, 172, NULL, NULL),
(785, 'CHITAGA ', NULL, 54, 57, 174, NULL, NULL),
(786, 'CONVENCION ', NULL, 54, 57, 206, NULL, NULL),
(787, 'CUCUTILLA ', NULL, 54, 57, 223, NULL, NULL),
(788, 'DURANIA ', NULL, 54, 57, 239, NULL, NULL),
(789, 'EL CARMEN ', NULL, 54, 57, 245, NULL, NULL),
(790, 'EL TARRA ', NULL, 54, 57, 250, NULL, NULL),
(791, 'EL ZULIA ', NULL, 54, 57, 261, NULL, NULL),
(792, 'GRAMALOTE ', NULL, 54, 57, 313, NULL, NULL),
(793, 'HACARI ', NULL, 54, 57, 344, NULL, NULL),
(794, 'HERRAN ', NULL, 54, 57, 347, NULL, NULL),
(795, 'LABATECA ', NULL, 54, 57, 377, NULL, NULL),
(796, 'LA ESPERANZA ', NULL, 54, 57, 385, NULL, NULL),
(797, 'LA PLAYA ', NULL, 54, 57, 398, NULL, NULL),
(798, 'LOS PATIOS ', NULL, 54, 57, 405, NULL, NULL),
(799, 'LOURDES ', NULL, 54, 57, 418, NULL, NULL),
(800, 'MUTISCUA ', NULL, 54, 57, 480, NULL, NULL),
(801, 'OCAÑA ', NULL, 54, 57, 498, NULL, NULL),
(802, 'PAMPLONA ', NULL, 54, 57, 518, NULL, NULL),
(803, 'PAMPLONITA ', NULL, 54, 57, 520, NULL, NULL),
(804, 'PUERTO SANTANDER ', NULL, 54, 57, 553, NULL, NULL),
(805, 'RAGONVALIA ', NULL, 54, 57, 599, NULL, NULL),
(806, 'SALAZAR ', NULL, 54, 57, 660, NULL, NULL),
(807, 'SAN CALIXTO ', NULL, 54, 57, 670, NULL, NULL),
(808, 'SAN CAYETANO ', NULL, 54, 57, 673, NULL, NULL),
(809, 'SANTIAGO ', NULL, 54, 57, 680, NULL, NULL),
(810, 'SARDINATA ', NULL, 54, 57, 720, NULL, NULL),
(811, 'SILOS ', NULL, 54, 57, 743, NULL, NULL),
(812, 'TEORAMA ', NULL, 54, 57, 800, NULL, NULL),
(813, 'TIBU ', NULL, 54, 57, 810, NULL, NULL),
(814, 'TOLEDO ', NULL, 54, 57, 820, NULL, NULL),
(815, 'VILLA CARO ', NULL, 54, 57, 871, NULL, NULL),
(816, 'VILLA DEL ROSARIO ', NULL, 54, 57, 874, NULL, NULL),
(817, 'ARMENIA ', NULL, 63, 57, 1, NULL, NULL),
(818, 'BUENAVISTA ', NULL, 63, 57, 111, NULL, NULL),
(819, 'CALARCA ', NULL, 63, 57, 130, NULL, NULL),
(820, 'CIRCASIA ', NULL, 63, 57, 190, NULL, NULL),
(821, 'CORDOBA ', NULL, 63, 57, 212, NULL, NULL),
(822, 'FILANDIA ', NULL, 63, 57, 272, NULL, NULL),
(823, 'GENOVA ', NULL, 63, 57, 302, NULL, NULL),
(824, 'LA TEBAIDA ', NULL, 63, 57, 401, NULL, NULL),
(825, 'MONTENEGRO ', NULL, 63, 57, 470, NULL, NULL),
(826, 'PIJAO ', NULL, 63, 57, 548, NULL, NULL),
(827, 'QUIMBAYA ', NULL, 63, 57, 594, NULL, NULL),
(828, 'SALENTO ', NULL, 63, 57, 690, NULL, NULL),
(829, 'PEREIRA ', NULL, 66, 57, 1, NULL, NULL),
(830, 'APIA ', NULL, 66, 57, 45, NULL, NULL),
(831, 'BALBOA ', NULL, 66, 57, 75, NULL, NULL),
(832, 'BELEN DE UMBRIA ', NULL, 66, 57, 88, NULL, NULL),
(833, 'DOSQUEBRADAS ', NULL, 66, 57, 170, NULL, NULL),
(834, 'GUATICA ', NULL, 66, 57, 318, NULL, NULL),
(835, 'LA CELIA ', NULL, 66, 57, 383, NULL, NULL),
(836, 'LA VIRGINIA ', NULL, 66, 57, 400, NULL, NULL),
(837, 'MARSELLA ', NULL, 66, 57, 440, NULL, NULL),
(838, 'MISTRATO ', NULL, 66, 57, 456, NULL, NULL),
(839, 'PUEBLO RICO ', NULL, 66, 57, 572, NULL, NULL),
(840, 'QUINCHIA ', NULL, 66, 57, 594, NULL, NULL),
(841, 'SANTA ROSA DE CABAL ', NULL, 66, 57, 682, NULL, NULL),
(842, 'SANTUARIO ', NULL, 66, 57, 687, NULL, NULL),
(843, 'BUCARAMANGA ', NULL, 68, 57, 1, NULL, NULL),
(844, 'AGUADA ', NULL, 68, 57, 13, NULL, NULL),
(845, 'ALBANIA ', NULL, 68, 57, 20, NULL, NULL),
(846, 'ARATOCA ', NULL, 68, 57, 51, NULL, NULL),
(847, 'BARBOSA ', NULL, 68, 57, 77, NULL, NULL),
(848, 'BARICHARA ', NULL, 68, 57, 79, NULL, NULL),
(849, 'BARRANCABERMEJA ', NULL, 68, 57, 81, NULL, NULL),
(850, 'BETULIA ', NULL, 68, 57, 92, NULL, NULL),
(851, 'BOLIVAR ', NULL, 68, 57, 101, NULL, NULL),
(852, 'CABRERA ', NULL, 68, 57, 121, NULL, NULL),
(853, 'CALIFORNIA ', NULL, 68, 57, 132, NULL, NULL),
(854, 'CAPITANEJO ', NULL, 68, 57, 147, NULL, NULL),
(855, 'CARCASI ', NULL, 68, 57, 152, NULL, NULL),
(856, 'CEPITA ', NULL, 68, 57, 160, NULL, NULL),
(857, 'CERRITO ', NULL, 68, 57, 162, NULL, NULL),
(858, 'CHARALA ', NULL, 68, 57, 167, NULL, NULL),
(859, 'CHARTA ', NULL, 68, 57, 169, NULL, NULL),
(860, 'CHIMA ', NULL, 68, 57, 176, NULL, NULL),
(861, 'CHIPATA ', NULL, 68, 57, 179, NULL, NULL),
(862, 'CIMITARRA ', NULL, 68, 57, 190, NULL, NULL),
(863, 'CONCEPCION ', NULL, 68, 57, 207, NULL, NULL),
(864, 'CONFINES ', NULL, 68, 57, 209, NULL, NULL),
(865, 'CONTRATACION ', NULL, 68, 57, 211, NULL, NULL),
(866, 'COROMORO ', NULL, 68, 57, 217, NULL, NULL),
(867, 'CURITI ', NULL, 68, 57, 229, NULL, NULL),
(868, 'EL CARMEN DE CHUCURI ', NULL, 68, 57, 235, NULL, NULL),
(869, 'EL GUACAMAYO ', NULL, 68, 57, 245, NULL, NULL),
(870, 'EL PEÑON ', NULL, 68, 57, 250, NULL, NULL),
(871, 'EL PLAYON ', NULL, 68, 57, 255, NULL, NULL),
(872, 'ENCINO ', NULL, 68, 57, 264, NULL, NULL),
(873, 'ENCISO ', NULL, 68, 57, 266, NULL, NULL),
(874, 'FLORIAN ', NULL, 68, 57, 271, NULL, NULL),
(875, 'FLORIDABLANCA ', NULL, 68, 57, 276, NULL, NULL),
(876, 'GALAN ', NULL, 68, 57, 296, NULL, NULL),
(877, 'GAMBITA ', NULL, 68, 57, 298, NULL, NULL),
(878, 'GIRON ', NULL, 68, 57, 307, NULL, NULL),
(879, 'GUACA ', NULL, 68, 57, 318, NULL, NULL),
(880, 'GUADALUPE ', NULL, 68, 57, 320, NULL, NULL),
(881, 'GUAPOTA ', NULL, 68, 57, 322, NULL, NULL),
(882, 'GUAVATA ', NULL, 68, 57, 324, NULL, NULL),
(883, 'GüEPSA ', NULL, 68, 57, 327, NULL, NULL),
(884, 'HATO ', NULL, 68, 57, 344, NULL, NULL),
(885, 'JESUS MARIA ', NULL, 68, 57, 368, NULL, NULL),
(886, 'JORDAN ', NULL, 68, 57, 370, NULL, NULL),
(887, 'LA BELLEZA ', NULL, 68, 57, 377, NULL, NULL),
(888, 'LANDAZURI ', NULL, 68, 57, 385, NULL, NULL),
(889, 'LA PAZ ', NULL, 68, 57, 397, NULL, NULL),
(890, 'LEBRIJA ', NULL, 68, 57, 406, NULL, NULL),
(891, 'LOS SANTOS ', NULL, 68, 57, 418, NULL, NULL),
(892, 'MACARAVITA ', NULL, 68, 57, 425, NULL, NULL),
(893, 'MALAGA ', NULL, 68, 57, 432, NULL, NULL),
(894, 'MATANZA ', NULL, 68, 57, 444, NULL, NULL),
(895, 'MOGOTES ', NULL, 68, 57, 464, NULL, NULL),
(896, 'MOLAGAVITA ', NULL, 68, 57, 468, NULL, NULL),
(897, 'OCAMONTE ', NULL, 68, 57, 498, NULL, NULL),
(898, 'OIBA ', NULL, 68, 57, 500, NULL, NULL),
(899, 'ONZAGA ', NULL, 68, 57, 502, NULL, NULL),
(900, 'PALMAR ', NULL, 68, 57, 522, NULL, NULL),
(901, 'PALMAS DEL SOCORRO ', NULL, 68, 57, 524, NULL, NULL),
(902, 'PARAMO ', NULL, 68, 57, 533, NULL, NULL),
(903, 'PIEDECUESTA ', NULL, 68, 57, 547, NULL, NULL),
(904, 'PINCHOTE ', NULL, 68, 57, 549, NULL, NULL),
(905, 'PUENTE NACIONAL ', NULL, 68, 57, 572, NULL, NULL),
(906, 'PUERTO PARRA ', NULL, 68, 57, 573, NULL, NULL),
(907, 'PUERTO WILCHES ', NULL, 68, 57, 575, NULL, NULL),
(908, 'RIONEGRO ', NULL, 68, 57, 615, NULL, NULL),
(909, 'SABANA DE TORRES ', NULL, 68, 57, 655, NULL, NULL),
(910, 'SAN ANDRES ', NULL, 68, 57, 669, NULL, NULL),
(911, 'SAN BENITO ', NULL, 68, 57, 673, NULL, NULL),
(912, 'SAN GIL ', NULL, 68, 57, 679, NULL, NULL),
(913, 'SAN JOAQUIN ', NULL, 68, 57, 682, NULL, NULL),
(914, 'SAN JOSE DE MIRANDA ', NULL, 68, 57, 684, NULL, NULL),
(915, 'SAN MIGUEL ', NULL, 68, 57, 686, NULL, NULL),
(916, 'SAN VICENTE DE CHUCURI ', NULL, 68, 57, 689, NULL, NULL),
(917, 'SANTA BARBARA ', NULL, 68, 57, 705, NULL, NULL),
(918, 'SANTA HELENA DEL OPON ', NULL, 68, 57, 720, NULL, NULL),
(919, 'SIMACOTA ', NULL, 68, 57, 745, NULL, NULL),
(920, 'SOCORRO ', NULL, 68, 57, 755, NULL, NULL),
(921, 'SUAITA ', NULL, 68, 57, 770, NULL, NULL),
(922, 'SUCRE ', NULL, 68, 57, 773, NULL, NULL),
(923, 'SURATA ', NULL, 68, 57, 780, NULL, NULL),
(924, 'TONA ', NULL, 68, 57, 820, NULL, NULL),
(925, 'VALLE DE SAN JOSE ', NULL, 68, 57, 855, NULL, NULL),
(926, 'VELEZ ', NULL, 68, 57, 861, NULL, NULL),
(927, 'VETAS ', NULL, 68, 57, 867, NULL, NULL),
(928, 'VILLANUEVA ', NULL, 68, 57, 872, NULL, NULL),
(929, 'ZAPATOCA ', NULL, 68, 57, 895, NULL, NULL),
(930, 'SINCELEJO ', NULL, 70, 57, 1, NULL, NULL),
(931, 'BUENAVISTA ', NULL, 70, 57, 110, NULL, NULL),
(932, 'CAIMITO ', NULL, 70, 57, 124, NULL, NULL),
(933, 'COLOSO ', NULL, 70, 57, 204, NULL, NULL),
(934, 'COROZAL ', NULL, 70, 57, 215, NULL, NULL),
(935, 'CHALAN ', NULL, 70, 57, 230, NULL, NULL),
(936, 'EL ROBLE ', NULL, 70, 57, 233, NULL, NULL),
(937, 'GALERAS ', NULL, 70, 57, 235, NULL, NULL),
(938, 'GUARANDA ', NULL, 70, 57, 265, NULL, NULL),
(939, 'LA UNION ', NULL, 70, 57, 400, NULL, NULL),
(940, 'LOS PALMITOS ', NULL, 70, 57, 418, NULL, NULL),
(941, 'MAJAGUAL ', NULL, 70, 57, 429, NULL, NULL),
(942, 'MORROA ', NULL, 70, 57, 473, NULL, NULL),
(943, 'OVEJAS ', NULL, 70, 57, 508, NULL, NULL),
(944, 'PALMITO ', NULL, 70, 57, 523, NULL, NULL),
(945, 'SAMPUES ', NULL, 70, 57, 670, NULL, NULL),
(946, 'SAN BENITO ABAD ', NULL, 70, 57, 678, NULL, NULL),
(947, 'SAN JUAN DE BETULIA ', NULL, 70, 57, 702, NULL, NULL),
(948, 'SAN MARCOS ', NULL, 70, 57, 708, NULL, NULL),
(949, 'SAN ONOFRE ', NULL, 70, 57, 713, NULL, NULL),
(950, 'SAN PEDRO ', NULL, 70, 57, 717, NULL, NULL),
(951, 'SINCE ', NULL, 70, 57, 742, NULL, NULL),
(952, 'SUCRE ', NULL, 70, 57, 771, NULL, NULL),
(953, 'SANTIAGO DE TOLU ', NULL, 70, 57, 820, NULL, NULL),
(954, 'TOLUVIEJO ', NULL, 70, 57, 823, NULL, NULL),
(955, 'IBAGUE Tolima', NULL, 73, 57, 1, NULL, NULL),
(957, 'ALVARADO Tolima', NULL, 73, 57, 26, NULL, NULL),
(958, 'AMBALEMA Tolima', NULL, 73, 57, 30, NULL, NULL),
(959, 'ANZOATEGUI Tolima', NULL, 73, 57, 43, NULL, NULL),
(960, 'ARMERO Tolima', NULL, 73, 57, 55, NULL, NULL),
(961, 'ATACO Tolima', NULL, 73, 57, 67, NULL, NULL),
(962, 'CAJAMARCA Tolima', NULL, 73, 57, 124, NULL, NULL),
(963, 'CARMEN DE APICALA Tolima', NULL, 73, 57, 148, NULL, NULL),
(964, 'CASABIANCA Tolima', NULL, 73, 57, 152, NULL, NULL),
(965, 'CHAPARRAL Tolima', NULL, 73, 57, 168, NULL, NULL),
(966, 'COELLO Tolima', NULL, 73, 57, 200, NULL, NULL),
(967, 'COYAIMA Tolima', NULL, 73, 57, 217, NULL, NULL),
(968, 'CUNDAY Tolima', NULL, 73, 57, 226, NULL, NULL),
(969, 'DOLORES Tolima', NULL, 73, 57, 236, NULL, NULL),
(970, 'ESPINAL Tolima', NULL, 73, 57, 268, NULL, NULL),
(971, 'FALAN Tolima', NULL, 73, 57, 270, NULL, NULL),
(972, 'FLANDES Tolima', NULL, 73, 57, 275, NULL, NULL),
(973, 'FRESNO Tolima', NULL, 73, 57, 283, NULL, NULL),
(974, 'GUAMO Tolima', NULL, 73, 57, 319, NULL, NULL),
(975, 'HERVEO Tolima', NULL, 73, 57, 347, NULL, NULL),
(976, 'HONDA Tolima', NULL, 73, 57, 349, NULL, NULL),
(977, 'ICONONZO Tolima', NULL, 73, 57, 352, NULL, NULL),
(978, 'LERIDA Tolima', NULL, 73, 57, 408, NULL, NULL),
(979, 'LIBANO Tolima', NULL, 73, 57, 411, NULL, NULL),
(980, 'MARIQUITA Tolima', NULL, 73, 57, 443, NULL, NULL),
(981, 'MELGAR Tolima', NULL, 73, 57, 449, NULL, NULL),
(982, 'MURILLO Tolima', NULL, 73, 57, 461, NULL, NULL),
(983, 'NATAGAIMA Tolima', NULL, 73, 57, 483, NULL, NULL),
(984, 'ORTEGA Tolima', NULL, 73, 57, 504, NULL, NULL),
(985, 'PALOCABILDO Tolima', NULL, 73, 57, 520, NULL, NULL),
(986, 'PIEDRAS Tolima', NULL, 73, 57, 547, NULL, NULL),
(987, 'PLANADAS Tolima', NULL, 73, 57, 555, NULL, NULL),
(988, 'PRADO Tolima', NULL, 73, 57, 563, NULL, NULL),
(989, 'PURIFICACION Tolima', NULL, 73, 57, 585, NULL, NULL),
(990, 'RIOBLANCO Tolima', NULL, 73, 57, 616, NULL, NULL),
(991, 'RONCESVALLES Tolima', NULL, 73, 57, 622, NULL, NULL),
(992, 'ROVIRA Tolima', NULL, 73, 57, 624, NULL, NULL),
(993, 'SALDAÑA Tolima', NULL, 73, 57, 671, NULL, NULL),
(994, 'SAN ANTONIO Tolima', NULL, 73, 57, 675, NULL, NULL),
(995, 'SAN LUIS Tolima', NULL, 73, 57, 678, NULL, NULL),
(996, 'SANTA ISABEL Tolima', NULL, 73, 57, 686, NULL, NULL),
(997, 'SUAREZ Tolima', NULL, 73, 57, 770, NULL, NULL),
(998, 'VALLE DE SAN JUAN Tolima', NULL, 73, 57, 854, NULL, NULL),
(999, 'VENADILLO Tolima', NULL, 73, 57, 861, NULL, NULL),
(1000, 'VILLAHERMOSA Tolima', NULL, 73, 57, 870, NULL, NULL),
(1001, 'VILLARRICA Tolima', NULL, 73, 57, 873, NULL, NULL),
(1002, 'CALI ', NULL, 76, 57, 1, NULL, NULL),
(1003, 'ALCALA ', NULL, 76, 57, 20, NULL, NULL),
(1004, 'ANDALUCIA ', NULL, 76, 57, 36, NULL, NULL),
(1005, 'ANSERMANUEVO ', NULL, 76, 57, 41, NULL, NULL);
INSERT INTO `ciudad` (`idciudad`, `nombre_ciudad`, `cubrimiento_ciudad`, `departamento_iddepartamento`, `pais_ciudad`, `codigo_ciudad`, `trayecto_especial_ciudad`, `ciudad_padre`) VALUES
(1006, 'ARGELIA ', NULL, 76, 57, 54, NULL, NULL),
(1007, 'BOLIVAR ', NULL, 76, 57, 100, NULL, NULL),
(1008, 'BUENAVENTURA ', NULL, 76, 57, 109, NULL, NULL),
(1009, 'GUADALAJARA DE BUGA ', NULL, 76, 57, 111, NULL, NULL),
(1010, 'BUGALAGRANDE ', NULL, 76, 57, 113, NULL, NULL),
(1011, 'CAICEDONIA ', NULL, 76, 57, 122, NULL, NULL),
(1012, 'CALIMA ', NULL, 76, 57, 126, NULL, NULL),
(1013, 'CANDELARIA ', NULL, 76, 57, 130, NULL, NULL),
(1014, 'CARTAGO ', NULL, 76, 57, 147, NULL, NULL),
(1015, 'DAGUA ', NULL, 76, 57, 233, NULL, NULL),
(1016, 'EL AGUILA ', NULL, 76, 57, 243, NULL, NULL),
(1017, 'EL CAIRO ', NULL, 76, 57, 246, NULL, NULL),
(1018, 'EL CERRITO ', NULL, 76, 57, 248, NULL, NULL),
(1019, 'EL DOVIO ', NULL, 76, 57, 250, NULL, NULL),
(1020, 'FLORIDA ', NULL, 76, 57, 275, NULL, NULL),
(1021, 'GINEBRA ', NULL, 76, 57, 306, NULL, NULL),
(1022, 'GUACARI ', NULL, 76, 57, 318, NULL, NULL),
(1023, 'JAMUNDI ', NULL, 76, 57, 364, NULL, NULL),
(1024, 'LA CUMBRE ', NULL, 76, 57, 377, NULL, NULL),
(1025, 'LA UNION ', NULL, 76, 57, 400, NULL, NULL),
(1026, 'LA VICTORIA ', NULL, 76, 57, 403, NULL, NULL),
(1027, 'OBANDO ', NULL, 76, 57, 497, NULL, NULL),
(1028, 'PALMIRA ', NULL, 76, 57, 520, NULL, NULL),
(1029, 'PRADERA ', NULL, 76, 57, 563, NULL, NULL),
(1030, 'RESTREPO ', NULL, 76, 57, 606, NULL, NULL),
(1031, 'RIOFRIO ', NULL, 76, 57, 616, NULL, NULL),
(1032, 'ROLDANILLO ', NULL, 76, 57, 622, NULL, NULL),
(1033, 'SAN PEDRO ', NULL, 76, 57, 670, NULL, NULL),
(1034, 'SEVILLA ', NULL, 76, 57, 736, NULL, NULL),
(1035, 'TORO ', NULL, 76, 57, 823, NULL, NULL),
(1036, 'TRUJILLO ', NULL, 76, 57, 828, NULL, NULL),
(1037, 'TULUA ', NULL, 76, 57, 834, NULL, NULL),
(1038, 'ULLOA ', NULL, 76, 57, 845, NULL, NULL),
(1039, 'VERSALLES ', NULL, 76, 57, 863, NULL, NULL),
(1040, 'VIJES ', NULL, 76, 57, 869, NULL, NULL),
(1041, 'YOTOCO ', NULL, 76, 57, 890, NULL, NULL),
(1042, 'YUMBO ', NULL, 76, 57, 892, NULL, NULL),
(1043, 'ZARZAL ', NULL, 76, 57, 895, NULL, NULL),
(1044, 'ARAUCA ', NULL, 81, 57, 1, NULL, NULL),
(1045, 'ARAUQUITA ', NULL, 81, 57, 65, NULL, NULL),
(1046, 'CRAVO NORTE ', NULL, 81, 57, 220, NULL, NULL),
(1047, 'FORTUL ', NULL, 81, 57, 300, NULL, NULL),
(1048, 'PUERTO RONDON ', NULL, 81, 57, 591, NULL, NULL),
(1049, 'SARAVENA ', NULL, 81, 57, 736, NULL, NULL),
(1050, 'TAME ', NULL, 81, 57, 794, NULL, NULL),
(1051, 'YOPAL ', NULL, 85, 57, 1, NULL, NULL),
(1052, 'AGUAZUL ', NULL, 85, 57, 10, NULL, NULL),
(1053, 'CHAMEZA ', NULL, 85, 57, 15, NULL, NULL),
(1054, 'HATO COROZAL ', NULL, 85, 57, 125, NULL, NULL),
(1055, 'LA SALINA ', NULL, 85, 57, 136, NULL, NULL),
(1056, 'MANI ', NULL, 85, 57, 139, NULL, NULL),
(1057, 'MONTERREY ', NULL, 85, 57, 162, NULL, NULL),
(1058, 'NUNCHIA ', NULL, 85, 57, 225, NULL, NULL),
(1059, 'OROCUE ', NULL, 85, 57, 230, NULL, NULL),
(1060, 'PAZ DE ARIPORO ', NULL, 85, 57, 250, NULL, NULL),
(1061, 'PORE ', NULL, 85, 57, 263, NULL, NULL),
(1062, 'RECETOR ', NULL, 85, 57, 279, NULL, NULL),
(1063, 'SABANALARGA ', NULL, 85, 57, 300, NULL, NULL),
(1064, 'SACAMA ', NULL, 85, 57, 315, NULL, NULL),
(1065, 'SAN LUIS DE PALENQUE ', NULL, 85, 57, 325, NULL, NULL),
(1066, 'TAMARA ', NULL, 85, 57, 400, NULL, NULL),
(1067, 'TAURAMENA ', NULL, 85, 57, 410, NULL, NULL),
(1068, 'TRINIDAD ', NULL, 85, 57, 430, NULL, NULL),
(1069, 'VILLANUEVA ', NULL, 85, 57, 440, NULL, NULL),
(1070, 'MOCOA ', NULL, 86, 57, 1, NULL, NULL),
(1071, 'COLON ', NULL, 86, 57, 219, NULL, NULL),
(1072, 'ORITO ', NULL, 86, 57, 320, NULL, NULL),
(1073, 'PUERTO ASIS ', NULL, 86, 57, 568, NULL, NULL),
(1074, 'PUERTO CAICEDO ', NULL, 86, 57, 569, NULL, NULL),
(1075, 'PUERTO GUZMAN ', NULL, 86, 57, 571, NULL, NULL),
(1076, 'LEGUIZAMO ', NULL, 86, 57, 573, NULL, NULL),
(1077, 'SIBUNDOY ', NULL, 86, 57, 749, NULL, NULL),
(1078, 'SAN FRANCISCO ', NULL, 86, 57, 755, NULL, NULL),
(1079, 'SAN MIGUEL ', NULL, 86, 57, 757, NULL, NULL),
(1080, 'SANTIAGO ', NULL, 86, 57, 760, NULL, NULL),
(1081, 'VALLE DEL GUAMUEZ ', NULL, 86, 57, 865, NULL, NULL),
(1082, 'VILLAGARZON ', NULL, 86, 57, 885, NULL, NULL),
(1083, 'SAN ANDRES 1 ', NULL, 88, 57, 1, 1, NULL),
(1084, 'PROVIDENCIA ', NULL, 88, 57, 564, NULL, NULL),
(1085, 'LETICIA ', NULL, 91, 57, 1, NULL, NULL),
(1086, 'EL ENCANTO ', NULL, 91, 57, 263, NULL, NULL),
(1087, 'LA CHORRERA ', NULL, 91, 57, 405, NULL, NULL),
(1088, 'LA PEDRERA ', NULL, 91, 57, 407, NULL, NULL),
(1089, 'LA VICTORIA ', NULL, 91, 57, 430, NULL, NULL),
(1090, 'MIRITI - PARANA ', NULL, 91, 57, 460, NULL, NULL),
(1091, 'PUERTO ALEGRIA ', NULL, 91, 57, 530, NULL, NULL),
(1092, 'PUERTO ARICA ', NULL, 91, 57, 536, NULL, NULL),
(1093, 'PUERTO NARIÑO ', NULL, 91, 57, 540, NULL, NULL),
(1094, 'PUERTO SANTANDER ', NULL, 91, 57, 669, NULL, NULL),
(1095, 'TARAPACA ', NULL, 91, 57, 798, NULL, NULL),
(1096, 'INIRIDA ', NULL, 94, 57, 1, NULL, NULL),
(1097, 'BARRANCO MINAS ', NULL, 94, 57, 343, NULL, NULL),
(1098, 'MAPIRIPANA ', NULL, 94, 57, 663, NULL, NULL),
(1099, 'SAN FELIPE ', NULL, 94, 57, 883, NULL, NULL),
(1100, 'PUERTO COLOMBIA ', NULL, 94, 57, 884, NULL, NULL),
(1101, 'LA GUADALUPE ', NULL, 94, 57, 885, NULL, NULL),
(1102, 'CACAHUAL ', NULL, 94, 57, 886, NULL, NULL),
(1103, 'PANA PANA ', NULL, 94, 57, 887, NULL, NULL),
(1104, 'MORICHAL ', NULL, 94, 57, 888, NULL, NULL),
(1105, 'SAN JOSE DEL GUAVIARE ', NULL, 95, 57, 1, NULL, NULL),
(1106, 'CALAMAR ', NULL, 95, 57, 15, NULL, NULL),
(1107, 'EL RETORNO ', NULL, 95, 57, 25, NULL, NULL),
(1108, 'MIRAFLORES ', NULL, 95, 57, 200, NULL, NULL),
(1109, 'MITU ', NULL, 97, 57, 1, NULL, NULL),
(1110, 'CARURU ', NULL, 97, 57, 161, NULL, NULL),
(1111, 'PACOA ', NULL, 97, 57, 511, NULL, NULL),
(1112, 'TARAIRA ', NULL, 97, 57, 666, NULL, NULL),
(1113, 'PAPUNAUA ', NULL, 97, 57, 777, NULL, NULL),
(1114, 'YAVARATE ', NULL, 97, 57, 889, NULL, NULL),
(1115, 'PUERTO CARREÑO ', NULL, 99, 57, 1, NULL, NULL),
(1116, 'LA PRIMAVERA ', NULL, 99, 57, 524, NULL, NULL),
(1117, 'SANTA ROSALIA ', NULL, 99, 57, 624, NULL, NULL),
(1118, 'CUMARIBO ', NULL, 99, 57, 773, NULL, NULL);

-- --------------------------------------------------------

--
-- Estructura de tabla para la tabla `ciudad_tercero`
--

CREATE TABLE IF NOT EXISTS `ciudad_tercero` (
  `idciudad_tercero` int(11) NOT NULL AUTO_INCREMENT,
  `idtercero` int(11) NOT NULL,
  `idciudad` int(11) NOT NULL,
  PRIMARY KEY (`idciudad_tercero`),
  KEY `idtercero` (`idtercero`),
  KEY `idciudad` (`idciudad`)
) ENGINE=InnoDB  DEFAULT CHARSET=latin1 COMMENT='Relacion entre Tercero Tipo Aliado y Ciudad' AUTO_INCREMENT=4 ;

-- --------------------------------------------------------

--
-- Estructura de tabla para la tabla `departamento`
--

CREATE TABLE IF NOT EXISTS `departamento` (
  `iddepartamento` int(11) NOT NULL,
  `nombre_departamento` varchar(45) NOT NULL,
  `pais_idpais` int(11) NOT NULL,
  PRIMARY KEY (`iddepartamento`),
  KEY `fk_departamento_pais1` (`pais_idpais`)
) ENGINE=InnoDB DEFAULT CHARSET=latin1;

--
-- Volcado de datos para la tabla `departamento`
--

INSERT INTO `departamento` (`iddepartamento`, `nombre_departamento`, `pais_idpais`) VALUES
(5, 'Antioquia', 57),
(8, 'Atlantico', 57),
(11, 'DISTRITO CAPITAL Bogota D. C.', 57),
(13, 'Bolivar', 57),
(15, 'Boyaca', 57),
(17, 'Caldas', 57),
(18, 'Caqueta', 57),
(19, 'Cauca', 57),
(20, 'Cesar', 57),
(23, 'Cordoba', 57),
(25, 'Cundinamarca', 57),
(27, 'Choco', 57),
(41, 'Huila', 57),
(44, 'La Guajira', 57),
(47, 'Magdalena', 57),
(50, 'Meta', 57),
(52, 'Nariño', 57),
(54, 'Norte de Santander', 57),
(63, 'Quindio', 57),
(66, 'Risaralda', 57),
(68, 'Santander', 57),
(70, 'Sucre', 57),
(73, 'Tolima', 57),
(76, 'Valle del Cauca', 57),
(81, 'Arauca', 57),
(85, 'Casanare', 57),
(86, 'Putumayo', 57),
(88, 'San Andres, Providencia y Santa Catalina', 57),
(91, 'Amazonas', 57),
(94, 'Guainia', 57),
(95, 'Guaviare', 57),
(97, 'Vaupe', 57),
(99, 'Vichada', 57);

-- --------------------------------------------------------

--
-- Estructura de tabla para la tabla `destinatario`
--

CREATE TABLE IF NOT EXISTS `destinatario` (
  `iddestinatario` int(11) NOT NULL AUTO_INCREMENT,
  `tipo_identificacion_destinatario` int(11) NOT NULL,
  `documento_destinatario` varchar(45) NOT NULL,
  `nombres_destinatario` varchar(45) NOT NULL,
  `apellidos_destinatario` varchar(45) DEFAULT NULL,
  `direccion_destinatario` varchar(45) DEFAULT NULL,
  `datos1` varchar(15) NOT NULL COMMENT 'Dato que recordara el remitente del destinatario',
  `datos2` varchar(15) NOT NULL COMMENT 'Dato2 que recordara el remitente del destinatario',
  `telefono_destinatario` varchar(45) DEFAULT NULL,
  `telefono2_destinatario` varchar(45) DEFAULT NULL,
  `celular_destinatario` varchar(45) DEFAULT NULL,
  `email_destinatario` varchar(45) DEFAULT NULL,
  `observaciones_destinatario` varchar(300) DEFAULT NULL,
  PRIMARY KEY (`iddestinatario`),
  UNIQUE KEY `documento_destinatario` (`documento_destinatario`),
  KEY `fk_tercero_tipo_identificacion1` (`tipo_identificacion_destinatario`)
) ENGINE=InnoDB  DEFAULT CHARSET=latin1 AUTO_INCREMENT=4 ;

--
-- Volcado de datos para la tabla `destinatario`
--

INSERT INTO `destinatario` (`iddestinatario`, `tipo_identificacion_destinatario`, `documento_destinatario`, `nombres_destinatario`, `apellidos_destinatario`, `direccion_destinatario`, `datos1`, `datos2`, `telefono_destinatario`, `telefono2_destinatario`, `celular_destinatario`, `email_destinatario`, `observaciones_destinatario`) VALUES
(1, 1, '1075', 'yo', 'ayo', 'calle lejossssssss', '1075', '', '', '', '', '', ''),
(2, 1, '78547', 'pancho', 'villa', 'mexico', '78547', '', '', '', '', '', ''),
(3, 1, '123', 'adsfasdf', 'asdfas', 'asdfasdf', '987654', '123', '', '', '', '', '');

-- --------------------------------------------------------

--
-- Estructura de tabla para la tabla `detalle_producto_especial`
--

CREATE TABLE IF NOT EXISTS `detalle_producto_especial` (
  `iddetalle_producto_especial` int(11) NOT NULL AUTO_INCREMENT,
  `producto_idproducto` int(11) NOT NULL,
  `orden_servicio_idorden_servicio` int(11) NOT NULL,
  PRIMARY KEY (`iddetalle_producto_especial`),
  KEY `fk_detalle_producto_especial_producto1` (`producto_idproducto`),
  KEY `fk_detalle_producto_especial_orden_servicio1` (`orden_servicio_idorden_servicio`)
) ENGINE=InnoDB  DEFAULT CHARSET=latin1 AUTO_INCREMENT=20 ;

-- --------------------------------------------------------

--
-- Estructura de tabla para la tabla `estado`
--

CREATE TABLE IF NOT EXISTS `estado` (
  `idestado` int(11) NOT NULL AUTO_INCREMENT,
  `nombre_estado` varchar(45) NOT NULL,
  PRIMARY KEY (`idestado`)
) ENGINE=InnoDB  DEFAULT CHARSET=latin1 AUTO_INCREMENT=6 ;

--
-- Volcado de datos para la tabla `estado`
--

INSERT INTO `estado` (`idestado`, `nombre_estado`) VALUES
(1, 'Creacion'),
(2, 'Modificacion'),
(3, 'En reparto'),
(4, 'Entregado'),
(5, 'Reportada');

-- --------------------------------------------------------

--
-- Estructura de tabla para la tabla `estadoGuia`
--

CREATE TABLE IF NOT EXISTS `estadoGuia` (
  `idcausal_devolucion` int(11) NOT NULL AUTO_INCREMENT,
  `codigo_causal_devolucion` int(11) NOT NULL,
  `nombre_causal_devolucion` varchar(45) NOT NULL,
  `observaciones_causal_devolucion` varchar(45) DEFAULT NULL,
  PRIMARY KEY (`idcausal_devolucion`)
) ENGINE=InnoDB  DEFAULT CHARSET=latin1 AUTO_INCREMENT=6 ;

--
-- Volcado de datos para la tabla `estadoGuia`
--

INSERT INTO `estadoGuia` (`idcausal_devolucion`, `codigo_causal_devolucion`, `nombre_causal_devolucion`, `observaciones_causal_devolucion`) VALUES
(1, 1, 'normal', NULL),
(2, 2, 'Devuelto', NULL),
(3, 3, 'Entregado', NULL),
(4, 4, 'En Manifiesto', 'la guia esta siendo entregada'),
(5, 5, 'En Ciudad Destino', NULL);

-- --------------------------------------------------------

--
-- Estructura de tabla para la tabla `factura`
--

CREATE TABLE IF NOT EXISTS `factura` (
  `idfactura` int(11) NOT NULL AUTO_INCREMENT,
  PRIMARY KEY (`idfactura`)
) ENGINE=InnoDB  DEFAULT CHARSET=latin1 AUTO_INCREMENT=3 ;

--
-- Volcado de datos para la tabla `factura`
--

INSERT INTO `factura` (`idfactura`) VALUES
(1),
(2);

-- --------------------------------------------------------

--
-- Estructura de tabla para la tabla `guia`
--

CREATE TABLE IF NOT EXISTS `guia` (
  `idguia` int(11) NOT NULL AUTO_INCREMENT,
  `numero_guia` varchar(45) NOT NULL,
  `orden_servicio_idorden_servicio` int(11) NOT NULL,
  `causal_devolucion_idcausal_devolucion` int(11) DEFAULT NULL,
  `producto_idproducto` int(11) NOT NULL,
  `ciudad_iddestino` int(11) NOT NULL,
  `valor_declarado_guia` int(11) DEFAULT NULL,
  `nombre_destinatario_guia` varchar(45) DEFAULT NULL,
  `direccion_destinatario_guia` varchar(70) DEFAULT NULL,
  `telefono_destinatario_guia` varchar(45) DEFAULT NULL,
  `peso_guia` decimal(10,2) DEFAULT NULL COMMENT 'el peso de la guia en kg',
  `ciudad_idorigen` int(11) NOT NULL,
  `tercero_idremitente` int(11) NOT NULL,
  `tercero_iddestinatario` int(11) DEFAULT NULL,
  `fecha` timestamp NOT NULL DEFAULT CURRENT_TIMESTAMP COMMENT 'guarda la fecha de creacion de la guia',
  `remitenteInfo` varchar(50) DEFAULT NULL,
  `destinatarioInfo` varchar(50) DEFAULT NULL,
  `owner` int(11) NOT NULL COMMENT 'guarda al tercero que creo la guia',
  `flete` decimal(10,2) DEFAULT NULL COMMENT 'este es el valor del envio',
  `prima` int(11) DEFAULT NULL COMMENT 'es el total del seguro',
  `contenido` varchar(32) DEFAULT NULL,
  `referencia` varchar(30) DEFAULT NULL COMMENT 'es el consecutivo interno del cliente. algunos clientes quieren que salga en la guia',
  `largo` decimal(10,2) DEFAULT NULL,
  `ancho` decimal(10,2) DEFAULT NULL,
  `alto` decimal(10,2) DEFAULT NULL,
  `estado` int(1) NOT NULL DEFAULT '1',
  PRIMARY KEY (`idguia`),
  UNIQUE KEY `numero_guia` (`numero_guia`),
  KEY `fk_guia_orden_servicio1` (`orden_servicio_idorden_servicio`),
  KEY `fk_guia_causal_devolucion1` (`causal_devolucion_idcausal_devolucion`),
  KEY `fk_guia_producto1` (`producto_idproducto`),
  KEY `fk_guia_ciudad1` (`ciudad_iddestino`),
  KEY `fk_guia_ciudad2` (`ciudad_idorigen`),
  KEY `fk_guia_tercero1` (`tercero_idremitente`),
  KEY `tercero_iddestinatario` (`tercero_iddestinatario`),
  KEY `fk_guia_tercero_creador` (`owner`)
) ENGINE=InnoDB  DEFAULT CHARSET=latin1 AUTO_INCREMENT=8 ;

-- --------------------------------------------------------

--
-- Estructura de tabla para la tabla `guia_manifiesto`
--

CREATE TABLE IF NOT EXISTS `guia_manifiesto` (
  `gmId` int(11) NOT NULL AUTO_INCREMENT,
  `manId` int(11) NOT NULL,
  `guiId` varchar(45) NOT NULL,
  `estado` int(1) NOT NULL DEFAULT '1' COMMENT 'estado de la relacion 1= activo, 0 = inactivo.',
  `idEstadoGuia` int(11) NOT NULL DEFAULT '4' COMMENT 'estado de la guia al momento de descargarla del manifiesto, en caso de ser (devuelta) se debe poner el causal',
  `idCausal` int(11) DEFAULT NULL,
  `fechaDescarga` timestamp NULL DEFAULT NULL COMMENT 'la fecha en la q se descarga del sistema. debe ser current',
  `fechaManual` date DEFAULT NULL COMMENT 'la fecha manual q se ingresa.',
  PRIMARY KEY (`gmId`),
  UNIQUE KEY `uniq_manifiesto_guia` (`manId`,`guiId`),
  KEY `FK_guia_manifiesto_manifiesto` (`manId`),
  KEY `FK_guia_manifiesto_guia` (`guiId`),
  KEY `index_guiid` (`guiId`),
  KEY `FK_guia_manifiesto_estadoGuia` (`idEstadoGuia`),
  KEY `FK_guia_manifiesto_causales` (`idCausal`)
) ENGINE=InnoDB  DEFAULT CHARSET=latin1 AUTO_INCREMENT=3 ;

-- --------------------------------------------------------

--
-- Estructura de tabla para la tabla `manifiesto`
--

CREATE TABLE IF NOT EXISTS `manifiesto` (
  `idmanifiesto` int(11) NOT NULL AUTO_INCREMENT,
  `sucursal_idsucursal` int(11) DEFAULT NULL,
  `plazo_entrega_manifiesto` int(3) NOT NULL,
  `tarifadestajo` decimal(10,2) DEFAULT '0.00',
  `zonamensajero` int(11) DEFAULT NULL,
  `fechaCreacion` timestamp NOT NULL DEFAULT CURRENT_TIMESTAMP COMMENT 'la fecha de creacion',
  `fechaCierre` timestamp NULL DEFAULT NULL COMMENT 'la fecha en la que se descargan todas las guias del manifiesto',
  `estado` int(1) NOT NULL DEFAULT '1',
  `peso` decimal(5,1) DEFAULT NULL,
  PRIMARY KEY (`idmanifiesto`),
  KEY `fk_manifiesto_sucursal1` (`sucursal_idsucursal`),
  KEY `zonamensajero` (`zonamensajero`)
) ENGINE=InnoDB  DEFAULT CHARSET=latin1 AUTO_INCREMENT=3 ;

-- --------------------------------------------------------

--
-- Estructura de tabla para la tabla `movimiento`
--

CREATE TABLE IF NOT EXISTS `movimiento` (
  `idmovimiento` int(11) NOT NULL AUTO_INCREMENT,
  `estado_idestado` int(11) NOT NULL,
  `tercero_idusuario` int(11) NOT NULL,
  `tercero_idaliado` int(11) NOT NULL DEFAULT '1',
  `fecha_movimiento` varchar(10) NOT NULL,
  `hora_movimiento` varchar(8) NOT NULL,
  `recogida_idrecogida` int(11) DEFAULT NULL,
  `orden_servicio_idorden_servicio` int(11) DEFAULT NULL,
  `manifiesto_idmanifiesto` int(11) DEFAULT NULL,
  `guia_idguia` int(11) DEFAULT NULL,
  `sucursal_idsucursal` int(11) DEFAULT NULL,
  `asignacion_guias_idasignacion_guias` int(11) DEFAULT NULL,
  `tarifa_idtarifa` int(11) DEFAULT NULL,
  PRIMARY KEY (`idmovimiento`),
  KEY `fk_movimiento_estado1` (`estado_idestado`),
  KEY `fk_movimiento_recogida1` (`recogida_idrecogida`),
  KEY `fk_movimiento_orden_servicio1` (`orden_servicio_idorden_servicio`),
  KEY `fk_movimiento_manifiesto1` (`manifiesto_idmanifiesto`),
  KEY `fk_movimiento_guia1` (`guia_idguia`),
  KEY `fk_movimiento_sucursal1` (`sucursal_idsucursal`),
  KEY `fk_movimiento_tercero1` (`tercero_idusuario`),
  KEY `fk_movimiento_asignacion_guias1` (`asignacion_guias_idasignacion_guias`),
  KEY `fk_movimiento_tarifa1` (`tarifa_idtarifa`),
  KEY `tercero_idaliado` (`tercero_idaliado`)
) ENGINE=InnoDB DEFAULT CHARSET=latin1 AUTO_INCREMENT=1 ;

-- --------------------------------------------------------

--
-- Estructura de tabla para la tabla `movimiento_operacion`
--

CREATE TABLE IF NOT EXISTS `movimiento_operacion` (
  `idmovimiento_operacion` int(11) NOT NULL AUTO_INCREMENT,
  `operacion_idoperacion` int(11) NOT NULL,
  `tercero_idtercero` int(11) NOT NULL,
  PRIMARY KEY (`idmovimiento_operacion`),
  KEY `fk_movimiento_operacion_operacion1` (`operacion_idoperacion`),
  KEY `fk_movimiento_operacion_tercero1` (`tercero_idtercero`)
) ENGINE=InnoDB DEFAULT CHARSET=latin1 AUTO_INCREMENT=1 ;

-- --------------------------------------------------------

--
-- Estructura de tabla para la tabla `operacion`
--

CREATE TABLE IF NOT EXISTS `operacion` (
  `idoperacion` int(11) NOT NULL AUTO_INCREMENT,
  `nombre_operacion` varchar(45) NOT NULL,
  `ruta_operacion` varchar(45) NOT NULL,
  `observaciones_operacion` varchar(45) DEFAULT NULL,
  PRIMARY KEY (`idoperacion`)
) ENGINE=InnoDB  DEFAULT CHARSET=latin1 AUTO_INCREMENT=10 ;

--
-- Volcado de datos para la tabla `operacion`
--

INSERT INTO `operacion` (`idoperacion`, `nombre_operacion`, `ruta_operacion`, `observaciones_operacion`) VALUES
(1, 'TERCEROS', 'gestion/terceros/menu_terceros.php', ''),
(2, 'SUCURSAL', 'gestion/sucursal/menu_sucursal.php', ''),
(3, 'ZONAS', 'gestion/zonas/menu_zonas.php', ''),
(4, 'PRODUCTOS', 'gestion/productos/menu_productos.php', ''),
(5, 'OPERACIONES', 'gestion/operaciones/menu_operacion.php', ''),
(6, 'ASIGNAR OPERACION', 'gestion/movimiento_operacion/menu_movimiento_', ''),
(7, 'CAUSAL DEVOLUCION', 'gestion/causal_dev/menu_causaldev.php', ''),
(8, 'CIUDAD', 'gestion/ciudad/consultar_ciudad.php', ''),
(9, 'RESOLUCION FACTURAS', 'gestion/resolucion_fact/menu_resolucion.php', '');

-- --------------------------------------------------------

--
-- Estructura de tabla para la tabla `orden_servicio`
--

CREATE TABLE IF NOT EXISTS `orden_servicio` (
  `idorden_servicio` int(11) NOT NULL AUTO_INCREMENT,
  `factura_idfactura` int(11) DEFAULT NULL,
  `tercero_idcliente` int(11) NOT NULL,
  `numero_orden_servicio` varchar(45) DEFAULT NULL,
  `fechaentrada` date DEFAULT NULL,
  `observacion_orden_servicio` varchar(45) DEFAULT NULL,
  `unidades` smallint(5) unsigned DEFAULT NULL,
  `area_orden_servicio` varchar(45) DEFAULT NULL COMMENT 'area de la empresa dueña de la orden',
  `plazo_entrega_orden` date DEFAULT NULL,
  `plazo_asignacion_orden` date DEFAULT NULL,
  `osFechaCreacion` timestamp NULL DEFAULT CURRENT_TIMESTAMP,
  `estado` int(1) NOT NULL DEFAULT '1' COMMENT 'este estado es el normal, activo o inactivo',
  `osTotal` decimal(15,2) NOT NULL,
  PRIMARY KEY (`idorden_servicio`),
  UNIQUE KEY `numero_orden_servicio` (`numero_orden_servicio`),
  KEY `fk_orden_servicio_factura1` (`factura_idfactura`),
  KEY `fk_orden_servicio_tercero1` (`tercero_idcliente`)
) ENGINE=InnoDB  DEFAULT CHARSET=latin1 AUTO_INCREMENT=10 ;

-- --------------------------------------------------------

--
-- Estructura de tabla para la tabla `pais`
--

CREATE TABLE IF NOT EXISTS `pais` (
  `idpais` int(11) NOT NULL,
  `nombre_pais` varchar(45) NOT NULL,
  PRIMARY KEY (`idpais`)
) ENGINE=InnoDB DEFAULT CHARSET=latin1;

--
-- Volcado de datos para la tabla `pais`
--

INSERT INTO `pais` (`idpais`, `nombre_pais`) VALUES
(57, 'COLOMBIA'),
(58, 'VENEZUELA');

-- --------------------------------------------------------

--
-- Estructura de tabla para la tabla `parametrizacion`
--

CREATE TABLE IF NOT EXISTS `parametrizacion` (
  `idparametrizacion` int(11) NOT NULL AUTO_INCREMENT,
  PRIMARY KEY (`idparametrizacion`)
) ENGINE=InnoDB DEFAULT CHARSET=latin1 AUTO_INCREMENT=1 ;

-- --------------------------------------------------------

--
-- Estructura de tabla para la tabla `posibilidades`
--

CREATE TABLE IF NOT EXISTS `posibilidades` (
  `idposibilidades` int(11) NOT NULL,
  `termino_idtermino` int(11) NOT NULL,
  `nombre_posibilidad` varchar(45) DEFAULT NULL,
  PRIMARY KEY (`idposibilidades`),
  KEY `fk_posibilidades_termino1` (`termino_idtermino`)
) ENGINE=InnoDB DEFAULT CHARSET=latin1;

-- --------------------------------------------------------

--
-- Estructura de tabla para la tabla `producto`
--

CREATE TABLE IF NOT EXISTS `producto` (
  `idproducto` int(11) NOT NULL AUTO_INCREMENT,
  `codigo` varchar(10) NOT NULL,
  `tipo_producto_idtipo_producto` int(11) NOT NULL,
  `nombre_producto` varchar(45) DEFAULT NULL,
  `porcentaje_seguro_producto` varchar(45) DEFAULT NULL,
  PRIMARY KEY (`idproducto`),
  KEY `fk_producto_tipo_producto1` (`tipo_producto_idtipo_producto`)
) ENGINE=InnoDB  DEFAULT CHARSET=latin1 AUTO_INCREMENT=27 ;

--
-- Volcado de datos para la tabla `producto`
--

INSERT INTO `producto` (`idproducto`, `codigo`, `tipo_producto_idtipo_producto`, `nombre_producto`, `porcentaje_seguro_producto`) VALUES
(1, '1', 1, 'Masivo', ''),
(7, '7', 4, 'Masivo', ''),
(8, '8', 2, 'Masivo', ''),
(9, '67', 4, 'Unitario', ''),
(10, '9', 5, 'Masivo', '50'),
(11, '10', 1, 'Unitario', '3'),
(12, '11', 5, 'Unitario', '50'),
(13, '12', 2, 'Unitario', '30'),
(14, '13', 1, 'Express', '50'),
(21, '2', 2, 'Express', '0'),
(22, '3', 3, 'Express', '0'),
(23, '4', 3, 'Masivo', '0'),
(24, '5', 3, 'Unitario', '0'),
(25, '6', 4, 'Express', '0'),
(26, '7', 5, 'Express', '0');

-- --------------------------------------------------------

--
-- Estructura de tabla para la tabla `producto_temporal`
--

CREATE TABLE IF NOT EXISTS `producto_temporal` (
  `idproducto` int(11) NOT NULL DEFAULT '0',
  `codigo` varchar(10) NOT NULL,
  `tipo_producto_idtipo_producto` int(11) NOT NULL,
  `nombre_producto` varchar(45) DEFAULT NULL,
  `porcentaje_seguro_producto` varchar(45) DEFAULT NULL
) ENGINE=InnoDB DEFAULT CHARSET=latin1;

-- --------------------------------------------------------

--
-- Estructura de tabla para la tabla `pro_item`
--

CREATE TABLE IF NOT EXISTS `pro_item` (
  `idproducto` int(1) DEFAULT NULL,
  `codigo` int(1) NOT NULL DEFAULT '0',
  `tipo_producto_idtipo_producto` int(11) NOT NULL DEFAULT '0',
  `nombre_producto` varchar(45) DEFAULT NULL,
  `porcentaje_seguro_producto` varchar(45) DEFAULT NULL
) ENGINE=InnoDB DEFAULT CHARSET=latin1;

-- --------------------------------------------------------

--
-- Estructura de tabla para la tabla `recogida`
--

CREATE TABLE IF NOT EXISTS `recogida` (
  `idrecogida` int(11) NOT NULL AUTO_INCREMENT,
  `tercero_idmensajero` int(11) DEFAULT NULL,
  `tercero_idcliente` int(11) NOT NULL,
  `tipo_recogida_idtipo_recogida` int(11) NOT NULL,
  `ciudad_idciudad` int(11) NOT NULL,
  `zona_idzona` int(11) NOT NULL,
  `direccion_recogida` varchar(45) DEFAULT NULL,
  `telefono_recogida` varchar(45) DEFAULT NULL,
  `contacto_recogida` varchar(45) DEFAULT NULL,
  `observacion_recogida` varchar(45) DEFAULT NULL,
  `fecha_recogida` datetime DEFAULT NULL,
  PRIMARY KEY (`idrecogida`),
  KEY `fk_recogida_tercero1` (`tercero_idmensajero`),
  KEY `fk_recogida_tercero2` (`tercero_idcliente`),
  KEY `fk_recogida_tipo_recogida1` (`tipo_recogida_idtipo_recogida`),
  KEY `fk_recogida_ciudad1` (`ciudad_idciudad`),
  KEY `fk_recogida_zona1` (`zona_idzona`)
) ENGINE=InnoDB DEFAULT CHARSET=latin1 AUTO_INCREMENT=1 ;

-- --------------------------------------------------------

--
-- Estructura de tabla para la tabla `resol_fact`
--

CREATE TABLE IF NOT EXISTS `resol_fact` (
  `idresolfact` int(11) NOT NULL AUTO_INCREMENT,
  `nombre_resolfact` varchar(45) NOT NULL,
  `numero_resolfact` varchar(45) NOT NULL,
  `fecha_desde_resolfact` date NOT NULL,
  `fecha_hasta_resolfact` date DEFAULT NULL,
  `consecutivo_resolfact` varchar(45) DEFAULT NULL,
  `sucursal_idsucursal` int(11) NOT NULL,
  `prefijo_contado_resolucion` varchar(45) DEFAULT NULL,
  `prefijo_credito_resolucion` varchar(45) DEFAULT NULL,
  `numero_desde_resolucion` varchar(45) NOT NULL,
  `numero_hasta_resolucion` varchar(45) NOT NULL,
  PRIMARY KEY (`idresolfact`),
  KEY `fk_resolfact_sucursal1` (`sucursal_idsucursal`)
) ENGINE=InnoDB DEFAULT CHARSET=latin1 AUTO_INCREMENT=1 ;

-- --------------------------------------------------------

--
-- Estructura de tabla para la tabla `sucursal`
--

CREATE TABLE IF NOT EXISTS `sucursal` (
  `idsucursal` int(11) NOT NULL AUTO_INCREMENT,
  `ciudad_idciudad` int(11) NOT NULL,
  `departamentovecino` int(11) DEFAULT NULL COMMENT 'para aliados cercanos a un dep',
  `codigo_sucursal` varchar(45) NOT NULL,
  `nombre_sucursal` varchar(45) NOT NULL,
  `direccion_sucursal` varchar(45) DEFAULT NULL,
  `telefono_sucursal` varchar(45) DEFAULT NULL,
  `observaciones_sucursal` varchar(45) DEFAULT NULL,
  `Activa` tinyint(1) NOT NULL DEFAULT '1' COMMENT 'Sucursal activa true o inactiva false (borrado logico)',
  PRIMARY KEY (`idsucursal`),
  UNIQUE KEY `nombre_sucursal` (`nombre_sucursal`),
  KEY `fk_sucursal_ciudad1` (`ciudad_idciudad`)
) ENGINE=InnoDB  DEFAULT CHARSET=latin1 AUTO_INCREMENT=14 ;

-- --------------------------------------------------------

--
-- Estructura de tabla para la tabla `tarifa`
--

CREATE TABLE IF NOT EXISTS `tarifa` (
  `idtarifa` int(11) NOT NULL AUTO_INCREMENT,
  `producto_idproducto` int(11) NOT NULL,
  `tercero_idcliente` int(11) NOT NULL,
  `sucursal_idsucursal` int(11) NOT NULL,
  `valor_envio_tarifa` varchar(45) DEFAULT NULL,
  PRIMARY KEY (`idtarifa`),
  KEY `fk_tarifa_producto1` (`producto_idproducto`),
  KEY `fk_tarifa_tercero1` (`tercero_idcliente`),
  KEY `fk_tarifa_sucursal1` (`sucursal_idsucursal`)
) ENGINE=InnoDB DEFAULT CHARSET=latin1 AUTO_INCREMENT=1 ;

-- --------------------------------------------------------

--
-- Estructura de tabla para la tabla `tercero`
--

CREATE TABLE IF NOT EXISTS `tercero` (
  `idtercero` int(11) NOT NULL AUTO_INCREMENT,
  `sucursal_idsucursal` int(11) DEFAULT NULL,
  `tipo_identificacion_tercero` int(11) NOT NULL,
  `documento_tercero` varchar(45) NOT NULL,
  `nombres_tercero` varchar(45) NOT NULL,
  `apellidos_tercero` varchar(45) DEFAULT NULL,
  `idzona` int(11) DEFAULT NULL COMMENT 'Si el tercero es mens. destajo',
  `direccion_tercero` varchar(45) DEFAULT NULL,
  `telefono_tercero` varchar(45) DEFAULT NULL,
  `telefono2_tercero` varchar(45) DEFAULT NULL,
  `celular_tercero` varchar(45) DEFAULT NULL,
  `email_tercero` varchar(45) DEFAULT NULL,
  `usuario_tercero` varchar(45) DEFAULT NULL,
  `clave_tercero` varchar(45) DEFAULT NULL,
  `privilegio` char(1) NOT NULL DEFAULT '0' COMMENT '0=consulta, 1=insertar... 2=avanzado',
  `tercero_idvendedor` int(11) DEFAULT NULL,
  `comision_tercero` varchar(45) DEFAULT NULL,
  `observaciones_tercero` varchar(300) DEFAULT NULL,
  `estado` varchar(8) NOT NULL DEFAULT 'Activo' COMMENT 'Eliminacion logica',
  `departamentovecino` int(11) DEFAULT NULL COMMENT 'para aliados cercanos a un dep',
  PRIMARY KEY (`idtercero`),
  UNIQUE KEY `documento_tercero` (`documento_tercero`),
  UNIQUE KEY `unq_usuario_tercero` (`usuario_tercero`),
  KEY `fk_tercero_sucursal1` (`sucursal_idsucursal`),
  KEY `fk_tercero_tercero1` (`tercero_idvendedor`),
  KEY `fk_tercero_tipo_identificacion1` (`tipo_identificacion_tercero`),
  KEY `idzona` (`idzona`)
) ENGINE=InnoDB  DEFAULT CHARSET=latin1 AUTO_INCREMENT=85 ;

-- --------------------------------------------------------

--
-- Estructura de tabla para la tabla `tercero_manifiesto`
--

CREATE TABLE IF NOT EXISTS `tercero_manifiesto` (
  `idTerMani` int(11) NOT NULL AUTO_INCREMENT,
  `idtercero` int(11) NOT NULL,
  `idmanifiesto` int(11) NOT NULL,
  `tipo` int(1) NOT NULL COMMENT '1 creador, 2 Men. Entrega, 3 Men. resive, 4 aliado',
  PRIMARY KEY (`idTerMani`),
  KEY `FK_terceroManifiesto_tercero` (`idtercero`),
  KEY `FK_terceroManifiesto_manifiesto` (`idmanifiesto`),
  KEY `FK_terceroManifiesto_tipoTercero` (`tipo`)
) ENGINE=InnoDB  DEFAULT CHARSET=latin1 AUTO_INCREMENT=6 ;

-- --------------------------------------------------------

--
-- Estructura de tabla para la tabla `tercero_temp`
--

CREATE TABLE IF NOT EXISTS `tercero_temp` (
  `idtercero` int(11) NOT NULL DEFAULT '0',
  `sucursal_idsucursal` int(11) NOT NULL,
  `tipo_identificacion_tercero` int(11) NOT NULL,
  `documento_tercero` varchar(45) NOT NULL,
  `nombres_tercero` varchar(45) NOT NULL,
  `apellidos_tercero` varchar(45) DEFAULT NULL,
  `idzona` int(11) DEFAULT NULL COMMENT 'Si el tercero es mens. destajo',
  `direccion_tercero` varchar(45) DEFAULT NULL,
  `telefono_tercero` varchar(45) DEFAULT NULL,
  `telefono2_tercero` varchar(45) DEFAULT NULL,
  `celular_tercero` varchar(45) DEFAULT NULL,
  `email_tercero` varchar(45) DEFAULT NULL,
  `usuario_tercero` varchar(45) DEFAULT NULL,
  `clave_tercero` varchar(45) DEFAULT NULL,
  `privilegio` char(1) NOT NULL DEFAULT '0' COMMENT '0=consulta, 1=insertar... 2=avanzado',
  `tercero_idvendedor` int(11) DEFAULT NULL,
  `comision_tercero` varchar(45) DEFAULT NULL,
  `observaciones_tercero` varchar(300) DEFAULT NULL,
  `estado` varchar(8) NOT NULL DEFAULT 'Activo' COMMENT 'Eliminacion logica',
  `departamentovecino` int(11) DEFAULT NULL COMMENT 'para aliados cercanos a un dep'
) ENGINE=InnoDB DEFAULT CHARSET=latin1;

-- --------------------------------------------------------

--
-- Estructura de tabla para la tabla `tercero_tipo`
--

CREATE TABLE IF NOT EXISTS `tercero_tipo` (
  `idtercero_tipo` int(11) NOT NULL AUTO_INCREMENT,
  `tercero_idtercero` int(11) NOT NULL,
  `tipo_tercero_idtipo_tercero` int(11) NOT NULL,
  PRIMARY KEY (`idtercero_tipo`),
  KEY `fk_tercero_tipo_tercero1` (`tercero_idtercero`),
  KEY `fk_tercero_tipo_tipo_tercero1` (`tipo_tercero_idtipo_tercero`)
) ENGINE=InnoDB  DEFAULT CHARSET=latin1 AUTO_INCREMENT=78 ;

-- --------------------------------------------------------

--
-- Estructura de tabla para la tabla `termino`
--

CREATE TABLE IF NOT EXISTS `termino` (
  `idtermino` int(11) NOT NULL AUTO_INCREMENT,
  `nombre_termino` varchar(45) NOT NULL,
  PRIMARY KEY (`idtermino`)
) ENGINE=InnoDB DEFAULT CHARSET=latin1 AUTO_INCREMENT=1 ;

-- --------------------------------------------------------

--
-- Estructura de tabla para la tabla `tipo_identificacion`
--

CREATE TABLE IF NOT EXISTS `tipo_identificacion` (
  `idtipo_identificacion` int(11) NOT NULL AUTO_INCREMENT,
  `nombre_tipo_identificacion` varchar(45) NOT NULL,
  PRIMARY KEY (`idtipo_identificacion`)
) ENGINE=InnoDB  DEFAULT CHARSET=latin1 AUTO_INCREMENT=3 ;

--
-- Volcado de datos para la tabla `tipo_identificacion`
--

INSERT INTO `tipo_identificacion` (`idtipo_identificacion`, `nombre_tipo_identificacion`) VALUES
(1, 'C.C'),
(2, 'Nit');

-- --------------------------------------------------------

--
-- Estructura de tabla para la tabla `tipo_producto`
--

CREATE TABLE IF NOT EXISTS `tipo_producto` (
  `idtipo_producto` int(11) NOT NULL AUTO_INCREMENT,
  `nombre_tipo_producto` varchar(45) NOT NULL,
  PRIMARY KEY (`idtipo_producto`)
) ENGINE=InnoDB  DEFAULT CHARSET=latin1 AUTO_INCREMENT=6 ;

--
-- Volcado de datos para la tabla `tipo_producto`
--

INSERT INTO `tipo_producto` (`idtipo_producto`, `nombre_tipo_producto`) VALUES
(1, 'Nacional'),
(2, 'Regional'),
(3, 'Trayecto Especial'),
(4, 'Urbano'),
(5, 'Internacional');

-- --------------------------------------------------------

--
-- Estructura de tabla para la tabla `tipo_recogida`
--

CREATE TABLE IF NOT EXISTS `tipo_recogida` (
  `idtipo_recogida` int(11) NOT NULL AUTO_INCREMENT,
  `nombre_tipo_recogida` varchar(45) NOT NULL,
  `descripcion_tipo_recogida` varchar(45) DEFAULT NULL,
  PRIMARY KEY (`idtipo_recogida`)
) ENGINE=InnoDB  DEFAULT CHARSET=latin1 AUTO_INCREMENT=3 ;

--
-- Volcado de datos para la tabla `tipo_recogida`
--

INSERT INTO `tipo_recogida` (`idtipo_recogida`, `nombre_tipo_recogida`, `descripcion_tipo_recogida`) VALUES
(1, 'Contado', NULL),
(2, 'Credito', NULL);

-- --------------------------------------------------------

--
-- Estructura de tabla para la tabla `tipo_tercero`
--

CREATE TABLE IF NOT EXISTS `tipo_tercero` (
  `idtipo_tercero` int(11) NOT NULL AUTO_INCREMENT,
  `nombre_tipo_tercero` varchar(45) DEFAULT NULL,
  `descripcion_tipo_tercero` varchar(45) DEFAULT NULL,
  PRIMARY KEY (`idtipo_tercero`)
) ENGINE=InnoDB  DEFAULT CHARSET=latin1 AUTO_INCREMENT=10 ;

--
-- Volcado de datos para la tabla `tipo_tercero`
--

INSERT INTO `tipo_tercero` (`idtipo_tercero`, `nombre_tipo_tercero`, `descripcion_tipo_tercero`) VALUES
(1, 'Cliente', ''),
(2, 'Usuario', ''),
(3, 'Aliado', ''),
(4, 'PuntoVenta', ''),
(5, 'Mensajero', ''),
(6, 'Vendedor', ''),
(8, 'Mensajero destajo', 'Mensajero destajo'),
(9, 'Admin', 'administrador del sistema');

-- --------------------------------------------------------

--
-- Estructura de tabla para la tabla `usuarioftp`
--

CREATE TABLE IF NOT EXISTS `usuarioftp` (
  `usuario` varchar(15) NOT NULL,
  `clave` varchar(35) NOT NULL,
  `carpeta` varchar(15) NOT NULL,
  PRIMARY KEY (`usuario`),
  UNIQUE KEY `carpeta` (`carpeta`)
) ENGINE=InnoDB DEFAULT CHARSET=latin1;

--
-- Volcado de datos para la tabla `usuarioftp`
--

INSERT INTO `usuarioftp` (`usuario`, `clave`, `carpeta`) VALUES
('root', '63a9f0ea7bb98050796b649e85481845', 'root');

-- --------------------------------------------------------

--
-- Estructura Stand-in para la vista `viewGuiasManifiesto`
--
CREATE TABLE IF NOT EXISTS `viewGuiasManifiesto` (
`guiId` varchar(45)
,`gmId` int(11)
,`manId` int(11)
,`idtercero` int(11)
,`nombres` text
,`tipos` text
);
-- --------------------------------------------------------

--
-- Estructura de tabla para la tabla `zona`
--

CREATE TABLE IF NOT EXISTS `zona` (
  `idzona` int(11) NOT NULL AUTO_INCREMENT,
  `ciudad_idciudad` int(11) NOT NULL,
  `nombre_zona` varchar(45) DEFAULT NULL,
  `descripcion` varchar(80) NOT NULL,
  PRIMARY KEY (`idzona`),
  KEY `fk_zona_ciudad1` (`ciudad_idciudad`)
) ENGINE=InnoDB  DEFAULT CHARSET=latin1 AUTO_INCREMENT=8 ;

--
-- Volcado de datos para la tabla `zona`
--

INSERT INTO `zona` (`idzona`, `ciudad_idciudad`, `nombre_zona`, `descripcion`) VALUES
(1, 1, NULL, ''),
(2, 1, NULL, ''),
(3, 1002, 'Zona Sur I', 'Barrio I hasta calle x'),
(4, 1002, 'Zona Sur II', 'Carrera 13 hasta barrio tal'),
(5, 1002, 'Zona Norte I', 'Barrio El norte'),
(6, 1002, 'Zona Norte II', 'Barrio Colorines, barrio El Pintor'),
(7, 1002, 'Zona Centro ', 'El centro simplemente');

-- --------------------------------------------------------

--
-- Estructura para la vista `viewGuiasManifiesto`
--
DROP TABLE IF EXISTS `viewGuiasManifiesto`;

CREATE ALGORITHM=UNDEFINED  SQL SECURITY DEFINER VIEW `viewGuiasManifiesto` AS select `gm`.`guiId` AS `guiId`,`gm`.`gmId` AS `gmId`,`gm`.`manId` AS `manId`,`tm`.`idtercero` AS `idtercero`,group_concat(concat(`t`.`nombres_tercero`,' ',`t`.`apellidos_tercero`) separator ' ,  ') AS `nombres`,group_concat(`tm`.`tipo` separator ',  ') AS `tipos` from (((`manifiesto` `m` join `guia_manifiesto` `gm` on((`gm`.`manId` = `m`.`idmanifiesto`))) join `tercero_manifiesto` `tm` on((`tm`.`idmanifiesto` = `m`.`idmanifiesto`))) join `tercero` `t` on((`t`.`idtercero` = `tm`.`idtercero`))) where ((`gm`.`estado` = 1) and (`gm`.`idEstadoGuia` = 4) and isnull(`m`.`sucursal_idsucursal`) and ((`tm`.`tipo` = 2) or (`tm`.`tipo` = 4))) group by `gm`.`gmId`;

--
-- Restricciones para tablas volcadas
--

--
-- Filtros para la tabla `asignacion_guias`
--
ALTER TABLE `asignacion_guias`
  ADD CONSTRAINT `fk_asignacion_guias_sucursal1` FOREIGN KEY (`sucursal_idsucursal`) REFERENCES `sucursal` (`idsucursal`) ON DELETE NO ACTION ON UPDATE NO ACTION,
  ADD CONSTRAINT `fk_asignacion_guias_tercero1` FOREIGN KEY (`tercero_idtercero`) REFERENCES `tercero` (`idtercero`) ON DELETE NO ACTION ON UPDATE NO ACTION;

--
-- Filtros para la tabla `ciudad`
--
ALTER TABLE `ciudad`
  ADD CONSTRAINT `fk_ciudad_departamento1` FOREIGN KEY (`departamento_iddepartamento`) REFERENCES `departamento` (`iddepartamento`) ON DELETE NO ACTION ON UPDATE NO ACTION;

--
-- Filtros para la tabla `ciudad_tercero`
--
ALTER TABLE `ciudad_tercero`
  ADD CONSTRAINT `ciudad_tercero_ibfk_1` FOREIGN KEY (`idtercero`) REFERENCES `tercero` (`idtercero`) ON DELETE CASCADE ON UPDATE CASCADE,
  ADD CONSTRAINT `ciudad_tercero_ibfk_2` FOREIGN KEY (`idciudad`) REFERENCES `ciudad` (`idciudad`) ON DELETE CASCADE ON UPDATE CASCADE;

--
-- Filtros para la tabla `departamento`
--
ALTER TABLE `departamento`
  ADD CONSTRAINT `fk_departamento_pais1` FOREIGN KEY (`pais_idpais`) REFERENCES `pais` (`idpais`) ON DELETE NO ACTION ON UPDATE NO ACTION;

--
-- Filtros para la tabla `detalle_producto_especial`
--
ALTER TABLE `detalle_producto_especial`
  ADD CONSTRAINT `fk_detalle_producto_especial_orden_servicio1` FOREIGN KEY (`orden_servicio_idorden_servicio`) REFERENCES `orden_servicio` (`idorden_servicio`) ON DELETE NO ACTION ON UPDATE NO ACTION,
  ADD CONSTRAINT `fk_detalle_producto_especial_producto1` FOREIGN KEY (`producto_idproducto`) REFERENCES `producto` (`idproducto`) ON DELETE NO ACTION ON UPDATE NO ACTION;

--
-- Filtros para la tabla `guia`
--
ALTER TABLE `guia`
  ADD CONSTRAINT `fk_guia_causal_devolucion1` FOREIGN KEY (`causal_devolucion_idcausal_devolucion`) REFERENCES `estadoGuia` (`idcausal_devolucion`) ON DELETE NO ACTION ON UPDATE NO ACTION,
  ADD CONSTRAINT `fk_guia_ciudad1` FOREIGN KEY (`ciudad_iddestino`) REFERENCES `ciudad` (`idciudad`) ON DELETE NO ACTION ON UPDATE NO ACTION,
  ADD CONSTRAINT `fk_guia_ciudad2` FOREIGN KEY (`ciudad_idorigen`) REFERENCES `ciudad` (`idciudad`) ON DELETE NO ACTION ON UPDATE NO ACTION,
  ADD CONSTRAINT `fk_guia_orden_servicio1` FOREIGN KEY (`orden_servicio_idorden_servicio`) REFERENCES `orden_servicio` (`idorden_servicio`) ON DELETE NO ACTION ON UPDATE NO ACTION,
  ADD CONSTRAINT `fk_guia_producto1` FOREIGN KEY (`producto_idproducto`) REFERENCES `producto` (`idproducto`) ON DELETE NO ACTION ON UPDATE NO ACTION,
  ADD CONSTRAINT `fk_guia_tercero_creador` FOREIGN KEY (`owner`) REFERENCES `tercero` (`idtercero`),
  ADD CONSTRAINT `guia_ibfk_1` FOREIGN KEY (`tercero_idremitente`) REFERENCES `tercero` (`idtercero`) ON DELETE NO ACTION ON UPDATE NO ACTION,
  ADD CONSTRAINT `guia_ibfk_2` FOREIGN KEY (`tercero_iddestinatario`) REFERENCES `destinatario` (`iddestinatario`) ON DELETE NO ACTION ON UPDATE NO ACTION;

--
-- Filtros para la tabla `guia_manifiesto`
--
ALTER TABLE `guia_manifiesto`
  ADD CONSTRAINT `FK_guia_manifiesto_causales` FOREIGN KEY (`idCausal`) REFERENCES `causales` (`idcausales`),
  ADD CONSTRAINT `FK_guia_manifiesto_estadoGuia` FOREIGN KEY (`idEstadoGuia`) REFERENCES `estadoGuia` (`idcausal_devolucion`),
  ADD CONSTRAINT `FK_guia_manifiesto_guia` FOREIGN KEY (`guiId`) REFERENCES `guia` (`numero_guia`),
  ADD CONSTRAINT `FK_guia_manifiesto_manifiesto` FOREIGN KEY (`manId`) REFERENCES `manifiesto` (`idmanifiesto`);

--
-- Filtros para la tabla `manifiesto`
--
ALTER TABLE `manifiesto`
  ADD CONSTRAINT `fk_manifiesto_sucursal1` FOREIGN KEY (`sucursal_idsucursal`) REFERENCES `sucursal` (`idsucursal`) ON DELETE NO ACTION ON UPDATE NO ACTION,
  ADD CONSTRAINT `manifiesto_ibfk_1` FOREIGN KEY (`zonamensajero`) REFERENCES `zona` (`idzona`) ON DELETE NO ACTION ON UPDATE NO ACTION;

--
-- Filtros para la tabla `movimiento`
--
ALTER TABLE `movimiento`
  ADD CONSTRAINT `fk_movimiento_estado1` FOREIGN KEY (`estado_idestado`) REFERENCES `estado` (`idestado`) ON DELETE NO ACTION ON UPDATE NO ACTION,
  ADD CONSTRAINT `fk_movimiento_sucursal1` FOREIGN KEY (`sucursal_idsucursal`) REFERENCES `sucursal` (`idsucursal`) ON DELETE NO ACTION ON UPDATE NO ACTION,
  ADD CONSTRAINT `movimiento_ibfk_1` FOREIGN KEY (`tercero_idusuario`) REFERENCES `tercero` (`idtercero`) ON DELETE NO ACTION ON UPDATE NO ACTION,
  ADD CONSTRAINT `movimiento_ibfk_2` FOREIGN KEY (`tercero_idaliado`) REFERENCES `tercero` (`idtercero`) ON DELETE NO ACTION ON UPDATE NO ACTION,
  ADD CONSTRAINT `movimiento_ibfk_3` FOREIGN KEY (`tercero_idaliado`) REFERENCES `tercero` (`idtercero`) ON DELETE NO ACTION ON UPDATE NO ACTION;

--
-- Filtros para la tabla `movimiento_operacion`
--
ALTER TABLE `movimiento_operacion`
  ADD CONSTRAINT `fk_movimiento_operacion_operacion1` FOREIGN KEY (`operacion_idoperacion`) REFERENCES `operacion` (`idoperacion`) ON DELETE NO ACTION ON UPDATE NO ACTION,
  ADD CONSTRAINT `movimiento_operacion_ibfk_1` FOREIGN KEY (`tercero_idtercero`) REFERENCES `tercero` (`idtercero`) ON DELETE NO ACTION ON UPDATE NO ACTION;

--
-- Filtros para la tabla `orden_servicio`
--
ALTER TABLE `orden_servicio`
  ADD CONSTRAINT `fk_orden_servicio_factura1` FOREIGN KEY (`factura_idfactura`) REFERENCES `factura` (`idfactura`) ON DELETE NO ACTION ON UPDATE NO ACTION,
  ADD CONSTRAINT `orden_servicio_ibfk_1` FOREIGN KEY (`tercero_idcliente`) REFERENCES `tercero` (`idtercero`) ON DELETE NO ACTION ON UPDATE NO ACTION;

--
-- Filtros para la tabla `posibilidades`
--
ALTER TABLE `posibilidades`
  ADD CONSTRAINT `fk_posibilidades_termino1` FOREIGN KEY (`termino_idtermino`) REFERENCES `termino` (`idtermino`) ON DELETE NO ACTION ON UPDATE NO ACTION;

--
-- Filtros para la tabla `producto`
--
ALTER TABLE `producto`
  ADD CONSTRAINT `fk_producto_tipo_producto1` FOREIGN KEY (`tipo_producto_idtipo_producto`) REFERENCES `tipo_producto` (`idtipo_producto`) ON DELETE NO ACTION ON UPDATE NO ACTION;

--
-- Filtros para la tabla `recogida`
--
ALTER TABLE `recogida`
  ADD CONSTRAINT `fk_recogida_ciudad1` FOREIGN KEY (`ciudad_idciudad`) REFERENCES `ciudad` (`idciudad`) ON DELETE NO ACTION ON UPDATE NO ACTION,
  ADD CONSTRAINT `fk_recogida_tercero1` FOREIGN KEY (`tercero_idmensajero`) REFERENCES `tercero` (`idtercero`) ON DELETE NO ACTION ON UPDATE NO ACTION,
  ADD CONSTRAINT `fk_recogida_tipo_recogida1` FOREIGN KEY (`tipo_recogida_idtipo_recogida`) REFERENCES `tipo_recogida` (`idtipo_recogida`) ON DELETE NO ACTION ON UPDATE NO ACTION,
  ADD CONSTRAINT `fk_recogida_zona1` FOREIGN KEY (`zona_idzona`) REFERENCES `zona` (`idzona`) ON DELETE NO ACTION ON UPDATE NO ACTION,
  ADD CONSTRAINT `recogida_ibfk_1` FOREIGN KEY (`tercero_idcliente`) REFERENCES `tercero` (`idtercero`) ON DELETE NO ACTION ON UPDATE NO ACTION;

--
-- Filtros para la tabla `resol_fact`
--
ALTER TABLE `resol_fact`
  ADD CONSTRAINT `fk_resolfact_sucursal1` FOREIGN KEY (`sucursal_idsucursal`) REFERENCES `sucursal` (`idsucursal`) ON DELETE NO ACTION ON UPDATE NO ACTION;

--
-- Filtros para la tabla `sucursal`
--
ALTER TABLE `sucursal`
  ADD CONSTRAINT `fk_sucursal_ciudad1` FOREIGN KEY (`ciudad_idciudad`) REFERENCES `ciudad` (`idciudad`) ON DELETE NO ACTION ON UPDATE NO ACTION;

--
-- Filtros para la tabla `tarifa`
--
ALTER TABLE `tarifa`
  ADD CONSTRAINT `fk_tarifa_producto1` FOREIGN KEY (`producto_idproducto`) REFERENCES `producto` (`idproducto`) ON DELETE NO ACTION ON UPDATE NO ACTION,
  ADD CONSTRAINT `fk_tarifa_sucursal1` FOREIGN KEY (`sucursal_idsucursal`) REFERENCES `sucursal` (`idsucursal`) ON DELETE NO ACTION ON UPDATE NO ACTION,
  ADD CONSTRAINT `fk_tarifa_tercero1` FOREIGN KEY (`tercero_idcliente`) REFERENCES `tercero` (`idtercero`) ON DELETE NO ACTION ON UPDATE NO ACTION;

--
-- Filtros para la tabla `tercero`
--
ALTER TABLE `tercero`
  ADD CONSTRAINT `fk_tercero_sucursal1` FOREIGN KEY (`sucursal_idsucursal`) REFERENCES `sucursal` (`idsucursal`) ON DELETE NO ACTION ON UPDATE NO ACTION,
  ADD CONSTRAINT `fk_tercero_tipo_identificacion1` FOREIGN KEY (`tipo_identificacion_tercero`) REFERENCES `tipo_identificacion` (`idtipo_identificacion`) ON DELETE NO ACTION ON UPDATE NO ACTION,
  ADD CONSTRAINT `tercero_ibfk_1` FOREIGN KEY (`tercero_idvendedor`) REFERENCES `tercero` (`idtercero`) ON DELETE NO ACTION ON UPDATE NO ACTION,
  ADD CONSTRAINT `tercero_ibfk_2` FOREIGN KEY (`idzona`) REFERENCES `zona` (`idzona`) ON DELETE NO ACTION ON UPDATE NO ACTION;

--
-- Filtros para la tabla `tercero_manifiesto`
--
ALTER TABLE `tercero_manifiesto`
  ADD CONSTRAINT `FK_terceroManifiesto_manifiesto` FOREIGN KEY (`idmanifiesto`) REFERENCES `manifiesto` (`idmanifiesto`),
  ADD CONSTRAINT `FK_terceroManifiesto_tercero` FOREIGN KEY (`idtercero`) REFERENCES `tercero` (`idtercero`);

--
-- Filtros para la tabla `tercero_tipo`
--
ALTER TABLE `tercero_tipo`
  ADD CONSTRAINT `fk_tercero_tipo_tipo_tercero1` FOREIGN KEY (`tipo_tercero_idtipo_tercero`) REFERENCES `tipo_tercero` (`idtipo_tercero`) ON DELETE NO ACTION ON UPDATE NO ACTION,
  ADD CONSTRAINT `tercero_tipo_ibfk_1` FOREIGN KEY (`tercero_idtercero`) REFERENCES `tercero` (`idtercero`) ON DELETE NO ACTION ON UPDATE NO ACTION;

--
-- Filtros para la tabla `zona`
--
ALTER TABLE `zona`
  ADD CONSTRAINT `fk_zona_ciudad1` FOREIGN KEY (`ciudad_idciudad`) REFERENCES `ciudad` (`idciudad`) ON DELETE NO ACTION ON UPDATE NO ACTION;

/*!40101 SET CHARACTER_SET_CLIENT=@OLD_CHARACTER_SET_CLIENT */;
/*!40101 SET CHARACTER_SET_RESULTS=@OLD_CHARACTER_SET_RESULTS */;
/*!40101 SET COLLATION_CONNECTION=@OLD_COLLATION_CONNECTION */;
